time,phase,target_x,target_y,target_z,drone_x,drone_y,drone_z
1.02,FLY_TO_START,1302.436,5.568093,1157.87,1295.531,3.402883,1162.284
1.04,FLY_TO_START,1302.601,5.618452,1157.77,1295.567,3.408746,1162.251
1.06,FLY_TO_START,1302.766,5.668809,1157.669,1295.603,3.414753,1162.219
1.08,FLY_TO_START,1302.932,5.719168,1157.569,1295.638,3.420932,1162.187
1.1,FLY_TO_START,1303.097,5.769526,1157.468,1295.673,3.427308,1162.155
1.12,FLY_TO_START,1303.263,5.819884,1157.368,1295.708,3.433914,1162.124
1.14,FLY_TO_START,1303.428,5.870242,1157.267,1295.742,3.440777,1162.093
1.16,FLY_TO_START,1303.594,5.9206,1157.167,1295.776,3.447927,1162.063
1.18,FLY_TO_START,1303.759,5.970958,1157.066,1295.809,3.455386,1162.033
1.2,FLY_TO_START,1303.924,6.021316,1156.966,1295.843,3.463174,1162.004
1.22,FLY_TO_START,1304.09,6.071674,1156.865,1295.876,3.471302,1161.975
1.24,FLY_TO_START,1304.255,6.122032,1156.765,1295.909,3.479773,1161.947
1.26,FLY_TO_START,1304.421,6.17239,1156.664,1295.943,3.488583,1161.919
1.279999,FLY_TO_START,1304.586,6.222748,1156.564,1295.976,3.497718,1161.893
1.3,FLY_TO_START,1304.751,6.273106,1156.463,1296.009,3.507161,1161.866
1.32,FLY_TO_START,1304.917,6.323464,1156.363,1296.042,3.516888,1161.841
1.34,FLY_TO_START,1305.082,6.373822,1156.262,1296.076,3.526873,1161.816
1.36,FLY_TO_START,1305.248,6.424181,1156.162,1296.11,3.537091,1161.791
1.38,FLY_TO_START,1305.413,6.474538,1156.061,1296.144,3.547516,1161.767
1.399999,FLY_TO_START,1305.578,6.524897,1155.961,1296.179,3.558125,1161.744
1.419999,FLY_TO_START,1305.744,6.575254,1155.86,1296.213,3.568899,1161.721
1.439999,FLY_TO_START,1305.909,6.625613,1155.76,1296.248,3.579818,1161.699
1.459999,FLY_TO_START,1306.075,6.675971,1155.659,1296.284,3.590866,1161.677
1.479999,FLY_TO_START,1306.24,6.726329,1155.558,1296.319,3.602028,1161.655
1.5,FLY_TO_START,1306.405,6.776687,1155.458,1296.355,3.613288,1161.634
1.52,FLY_TO_START,1306.571,6.827046,1155.357,1296.391,3.624629,1161.612
1.539999,FLY_TO_START,1306.736,6.877403,1155.257,1296.428,3.636036,1161.592
1.559999,FLY_TO_START,1306.902,6.927763,1155.156,1296.465,3.647491,1161.571
1.579999,PAUSE_AT_START,1307.06,6.976,1155.06,1296.502,3.658975,1161.55
1.599999,PAUSE_AT_START,1307.06,6.976,1155.06,1296.539,3.670465,1161.53
1.619999,PAUSE_AT_START,1307.06,6.976,1155.06,1296.576,3.681939,1161.51
1.639999,PAUSE_AT_START,1307.06,6.976,1155.06,1296.614,3.693373,1161.49
1.659999,PAUSE_AT_START,1307.06,6.976,1155.06,1296.652,3.704743,1161.47
1.679999,PAUSE_AT_START,1307.06,6.976,1155.06,1296.69,3.716027,1161.45
1.699999,PAUSE_AT_START,1307.06,6.976,1155.06,1296.728,3.72721,1161.43
1.719999,PAUSE_AT_START,1307.06,6.976,1155.06,1296.766,3.738272,1161.41
1.739999,PAUSE_AT_START,1307.06,6.976,1155.06,1296.805,3.749212,1161.39
1.759999,PAUSE_AT_START,1307.06,6.976,1155.06,1296.843,3.76002,1161.37
1.779999,PAUSE_AT_START,1307.06,6.976,1155.06,1296.882,3.770708,1161.349
1.799999,PAUSE_AT_START,1307.06,6.976,1155.06,1296.921,3.781286,1161.329
1.819999,PAUSE_AT_START,1307.06,6.976,1155.06,1296.961,3.791773,1161.308
1.839999,PAUSE_AT_START,1307.06,6.976,1155.06,1297,3.802184,1161.287
1.859999,PAUSE_AT_START,1307.06,6.976,1155.06,1297.04,3.812539,1161.265
1.879999,PAUSE_AT_START,1307.06,6.976,1155.06,1297.079,3.822861,1161.244
1.899999,PAUSE_AT_START,1307.06,6.976,1155.06,1297.119,3.833172,1161.222
1.919999,PAUSE_AT_START,1307.06,6.976,1155.06,1297.159,3.843491,1161.199
1.939999,PAUSE_AT_START,1307.06,6.976,1155.06,1297.199,3.853835,1161.177
1.959999,PAUSE_AT_START,1307.06,6.976,1155.06,1297.239,3.864219,1161.154
1.979999,PAUSE_AT_START,1307.06,6.976,1155.06,1297.279,3.874656,1161.13
1.999999,PAUSE_AT_START,1307.06,6.976,1155.06,1297.318,3.885156,1161.106
2.019999,PAUSE_AT_START,1307.06,6.976,1155.06,1297.358,3.895725,1161.083
2.039999,PAUSE_AT_START,1307.06,6.976,1155.06,1297.398,3.906369,1161.058
2.059999,PAUSE_AT_START,1307.06,6.976,1155.06,1297.438,3.917088,1161.034
2.079999,PAUSE_AT_START,1307.06,6.976,1155.06,1297.477,3.927884,1161.009
2.099999,PAUSE_AT_START,1307.06,6.976,1155.06,1297.516,3.938752,1160.984
2.119999,PAUSE_AT_START,1307.06,6.976,1155.06,1297.555,3.949686,1160.959
2.139999,PAUSE_AT_START,1307.06,6.976,1155.06,1297.594,3.960682,1160.934
2.159999,PAUSE_AT_START,1307.06,6.976,1155.06,1297.633,3.971732,1160.909
2.179999,PAUSE_AT_START,1307.06,6.976,1155.06,1297.672,3.982828,1160.884
2.199999,PAUSE_AT_START,1307.06,6.976,1155.06,1297.71,3.993961,1160.859
2.219999,PAUSE_AT_START,1307.06,6.976,1155.06,1297.749,4.005117,1160.833
2.239999,PAUSE_AT_START,1307.06,6.976,1155.06,1297.787,4.016289,1160.808
2.259999,PAUSE_AT_START,1307.06,6.976,1155.06,1297.825,4.027463,1160.783
2.279999,PAUSE_AT_START,1307.06,6.976,1155.06,1297.863,4.038631,1160.758
2.299999,PAUSE_AT_START,1307.06,6.976,1155.06,1297.901,4.049784,1160.733
2.319999,PAUSE_AT_START,1307.06,6.976,1155.06,1297.939,4.060915,1160.708
2.339999,PAUSE_AT_START,1307.06,6.976,1155.06,1297.976,4.072018,1160.683
2.359999,PAUSE_AT_START,1307.06,6.976,1155.06,1298.014,4.083088,1160.658
2.379999,PAUSE_AT_START,1307.06,6.976,1155.06,1298.052,4.094122,1160.633
2.399999,PAUSE_AT_START,1307.06,6.976,1155.06,1298.089,4.105119,1160.609
2.419999,PAUSE_AT_START,1307.06,6.976,1155.06,1298.126,4.11608,1160.584
2.439999,PAUSE_AT_START,1307.06,6.976,1155.06,1298.163,4.127011,1160.56
2.459999,PAUSE_AT_START,1307.06,6.976,1155.06,1298.201,4.137919,1160.536
2.479999,PAUSE_AT_START,1307.06,6.976,1155.06,1298.238,4.14881,1160.512
2.499999,PAUSE_AT_START,1307.06,6.976,1155.06,1298.275,4.159691,1160.488
2.519999,PAUSE_AT_START,1307.06,6.976,1155.06,1298.312,4.17057,1160.464
2.539999,PAUSE_AT_START,1307.06,6.976,1155.06,1298.349,4.181454,1160.441
2.559999,PAUSE_AT_START,1307.06,6.976,1155.06,1298.385,4.192357,1160.417
2.579999,PAUSE_AT_START,1307.06,6.976,1155.06,1298.422,4.203285,1160.394
2.599999,PAUSE_AT_START,1307.06,6.976,1155.06,1298.459,4.214245,1160.371
2.619999,PAUSE_AT_START,1307.06,6.976,1155.06,1298.496,4.225241,1160.348
2.639999,PAUSE_AT_START,1307.06,6.976,1155.06,1298.533,4.236281,1160.325
2.659999,PAUSE_AT_START,1307.06,6.976,1155.06,1298.57,4.247374,1160.302
2.679999,PAUSE_AT_START,1307.06,6.976,1155.06,1298.607,4.258517,1160.279
2.699999,PAUSE_AT_START,1307.06,6.976,1155.06,1298.644,4.269715,1160.256
2.719999,PAUSE_AT_START,1307.06,6.976,1155.06,1298.681,4.280966,1160.234
2.739999,PAUSE_AT_START,1307.06,6.976,1155.06,1298.718,4.292271,1160.211
2.759999,PAUSE_AT_START,1307.06,6.976,1155.06,1298.755,4.303627,1160.188
2.779999,PAUSE_AT_START,1307.06,6.976,1155.06,1298.792,4.315035,1160.166
2.799999,PAUSE_AT_START,1307.06,6.976,1155.06,1298.829,4.326488,1160.143
2.819999,PAUSE_AT_START,1307.06,6.976,1155.06,1298.867,4.337985,1160.121
2.839999,PAUSE_AT_START,1307.06,6.976,1155.06,1298.904,4.34952,1160.098
2.859999,PAUSE_AT_START,1307.06,6.976,1155.06,1298.941,4.361092,1160.075
2.879999,PAUSE_AT_START,1307.06,6.976,1155.06,1298.979,4.372694,1160.053
2.899999,PAUSE_AT_START,1307.06,6.976,1155.06,1299.017,4.384318,1160.03
2.919999,PAUSE_AT_START,1307.06,6.976,1155.06,1299.054,4.395963,1160.008
2.939999,PAUSE_AT_START,1307.06,6.976,1155.06,1299.092,4.407619,1159.985
2.959999,PAUSE_AT_START,1307.06,6.976,1155.06,1299.13,4.419282,1159.962
2.979999,PAUSE_AT_START,1307.06,6.976,1155.06,1299.168,4.430948,1159.939
2.999999,PAUSE_AT_START,1307.06,6.976,1155.06,1299.205,4.442608,1159.917
3.019999,PAUSE_AT_START,1307.06,6.976,1155.06,1299.243,4.454262,1159.894
3.039999,PAUSE_AT_START,1307.06,6.976,1155.06,1299.281,4.465901,1159.871
3.059999,PAUSE_AT_START,1307.06,6.976,1155.06,1299.319,4.477521,1159.848
3.079999,PAUSE_AT_START,1307.06,6.976,1155.06,1299.357,4.489117,1159.825
3.099999,PAUSE_AT_START,1307.06,6.976,1155.06,1299.395,4.500686,1159.802
3.119999,PAUSE_AT_START,1307.06,6.976,1155.06,1299.433,4.512223,1159.779
3.139999,PAUSE_AT_START,1307.06,6.976,1155.06,1299.471,4.523729,1159.756
3.159999,PAUSE_AT_START,1307.06,6.976,1155.06,1299.509,4.535201,1159.733
3.179999,PAUSE_AT_START,1307.06,6.976,1155.06,1299.547,4.546637,1159.71
3.199999,PAUSE_AT_START,1307.06,6.976,1155.06,1299.585,4.558041,1159.686
3.219999,PAUSE_AT_START,1307.06,6.976,1155.06,1299.623,4.569413,1159.663
3.239999,PAUSE_AT_START,1307.06,6.976,1155.06,1299.661,4.580757,1159.64
3.259999,PAUSE_AT_START,1307.06,6.976,1155.06,1299.699,4.592073,1159.617
3.279999,PAUSE_AT_START,1307.06,6.976,1155.06,1299.737,4.603365,1159.593
3.299999,PAUSE_AT_START,1307.06,6.976,1155.06,1299.775,4.614639,1159.57
3.319999,PAUSE_AT_START,1307.06,6.976,1155.06,1299.813,4.625899,1159.546
3.339999,PAUSE_AT_START,1307.06,6.976,1155.06,1299.851,4.637149,1159.523
3.359999,PAUSE_AT_START,1307.06,6.976,1155.06,1299.889,4.648392,1159.499
3.379999,PAUSE_AT_START,1307.06,6.976,1155.06,1299.927,4.659634,1159.476
3.399999,PAUSE_AT_START,1307.06,6.976,1155.06,1299.965,4.670877,1159.452
3.419999,PAUSE_AT_START,1307.06,6.976,1155.06,1300.003,4.682125,1159.429
3.439999,PAUSE_AT_START,1307.06,6.976,1155.06,1300.041,4.693381,1159.405
3.459999,PAUSE_AT_START,1307.06,6.976,1155.06,1300.079,4.704648,1159.381
3.479999,PAUSE_AT_START,1307.06,6.976,1155.06,1300.117,4.715928,1159.358
3.499999,PAUSE_AT_START,1307.06,6.976,1155.06,1300.156,4.727221,1159.334
3.519999,PAUSE_AT_START,1307.06,6.976,1155.06,1300.194,4.738527,1159.31
3.539999,PAUSE_AT_START,1307.06,6.976,1155.06,1300.232,4.749848,1159.286
3.559999,PAUSE_AT_START,1307.06,6.976,1155.06,1300.27,4.761183,1159.262
3.579999,PAUSE_AT_START,1307.06,6.976,1155.06,1300.308,4.772531,1159.239
3.599999,PAUSE_AT_START,1307.06,6.976,1155.06,1300.346,4.783889,1159.215
3.619999,PAUSE_AT_START,1307.06,6.976,1155.06,1300.384,4.795257,1159.191
3.639999,PAUSE_AT_START,1307.06,6.976,1155.06,1300.422,4.806633,1159.167
3.659999,PAUSE_AT_START,1307.06,6.976,1155.06,1300.46,4.818016,1159.143
3.679999,PAUSE_AT_START,1307.06,6.976,1155.06,1300.498,4.829406,1159.12
3.699999,PAUSE_AT_START,1307.06,6.976,1155.06,1300.536,4.840801,1159.096
3.719999,PAUSE_AT_START,1307.06,6.976,1155.06,1300.574,4.852197,1159.072
3.739999,PAUSE_AT_START,1307.06,6.976,1155.06,1300.612,4.863595,1159.048
3.759999,PAUSE_AT_START,1307.06,6.976,1155.06,1300.65,4.874993,1159.025
3.779999,PAUSE_AT_START,1307.06,6.976,1155.06,1300.687,4.886392,1159.001
3.799999,PAUSE_AT_START,1307.06,6.976,1155.06,1300.725,4.897794,1158.977
3.819999,PAUSE_AT_START,1307.06,6.976,1155.06,1300.763,4.909197,1158.954
3.839999,PAUSE_AT_START,1307.06,6.976,1155.06,1300.801,4.920602,1158.93
3.859999,PAUSE_AT_START,1307.06,6.976,1155.06,1300.838,4.932014,1158.906
3.879999,PAUSE_AT_START,1307.06,6.976,1155.06,1300.876,4.943429,1158.883
3.899999,PAUSE_AT_START,1307.06,6.976,1155.06,1300.914,4.954849,1158.859
3.919999,PAUSE_AT_START,1307.06,6.976,1155.06,1300.951,4.96628,1158.836
3.939999,PAUSE_AT_START,1307.06,6.976,1155.06,1300.989,4.977724,1158.813
3.959999,PAUSE_AT_START,1307.06,6.976,1155.06,1301.026,4.989179,1158.789
3.979999,PAUSE_AT_START,1307.06,6.976,1155.06,1301.064,5.000648,1158.766
3.999999,PAUSE_AT_START,1307.06,6.976,1155.06,1301.101,5.012135,1158.742
4.019999,PAUSE_AT_START,1307.06,6.976,1155.06,1301.139,5.023643,1158.719
4.039999,PAUSE_AT_START,1307.06,6.976,1155.06,1301.176,5.035168,1158.696
4.059999,PAUSE_AT_START,1307.06,6.976,1155.06,1301.214,5.046711,1158.673
4.079998,PAUSE_AT_START,1307.06,6.976,1155.06,1301.251,5.058276,1158.649
4.099998,PAUSE_AT_START,1307.06,6.976,1155.06,1301.289,5.069862,1158.626
4.119998,PAUSE_AT_START,1307.06,6.976,1155.06,1301.326,5.081469,1158.603
4.139998,PAUSE_AT_START,1307.06,6.976,1155.06,1301.364,5.093096,1158.58
4.159998,PAUSE_AT_START,1307.06,6.976,1155.06,1301.401,5.104746,1158.557
4.179998,PAUSE_AT_START,1307.06,6.976,1155.06,1301.439,5.116416,1158.534
4.199998,PAUSE_AT_START,1307.06,6.976,1155.06,1301.476,5.128105,1158.511
4.219998,PAUSE_AT_START,1307.06,6.976,1155.06,1301.514,5.139813,1158.488
4.239998,PAUSE_AT_START,1307.06,6.976,1155.06,1301.551,5.151538,1158.465
4.259998,PAUSE_AT_START,1307.06,6.976,1155.06,1301.589,5.163278,1158.442
4.279998,PAUSE_AT_START,1307.06,6.976,1155.06,1301.626,5.17503,1158.418
4.299998,PAUSE_AT_START,1307.06,6.976,1155.06,1301.664,5.18679,1158.395
4.319998,PAUSE_AT_START,1307.06,6.976,1155.06,1301.701,5.19856,1158.372
4.339998,PAUSE_AT_START,1307.06,6.976,1155.06,1301.739,5.210334,1158.349
4.359998,PAUSE_AT_START,1307.06,6.976,1155.06,1301.776,5.22211,1158.326
4.379999,PAUSE_AT_START,1307.06,6.976,1155.06,1301.814,5.23389,1158.303
4.399999,PAUSE_AT_START,1307.06,6.976,1155.06,1301.852,5.245672,1158.28
4.419999,PAUSE_AT_START,1307.06,6.976,1155.06,1301.889,5.257453,1158.257
4.439999,PAUSE_AT_START,1307.06,6.976,1155.06,1301.927,5.269234,1158.234
4.459999,PAUSE_AT_START,1307.06,6.976,1155.06,1301.965,5.281008,1158.211
4.479999,PAUSE_AT_START,1307.06,6.976,1155.06,1302.002,5.292775,1158.188
4.499999,PAUSE_AT_START,1307.06,6.976,1155.06,1302.04,5.304534,1158.165
4.519999,PAUSE_AT_START,1307.06,6.976,1155.06,1302.078,5.316288,1158.142
4.539999,PAUSE_AT_START,1307.06,6.976,1155.06,1302.115,5.328032,1158.118
4.559999,PAUSE_AT_START,1307.06,6.976,1155.06,1302.153,5.339769,1158.095
4.579998,PAUSE_AT_START,1307.06,6.976,1155.06,1302.191,5.351501,1158.072
4.599998,PAUSE_AT_START,1307.06,6.976,1155.06,1302.229,5.363226,1158.049
4.619998,PAUSE_AT_START,1307.06,6.976,1155.06,1302.267,5.374944,1158.026
4.639998,PAUSE_AT_START,1307.06,6.976,1155.06,1302.304,5.386654,1158.002
4.659998,PAUSE_AT_START,1307.06,6.976,1155.06,1302.342,5.398361,1157.979
4.679998,PAUSE_AT_START,1307.06,6.976,1155.06,1302.38,5.410062,1157.956
4.699998,PAUSE_AT_START,1307.06,6.976,1155.06,1302.418,5.421762,1157.932
4.719998,PAUSE_AT_START,1307.06,6.976,1155.06,1302.456,5.43346,1157.909
4.739998,PAUSE_AT_START,1307.06,6.976,1155.06,1302.494,5.445157,1157.886
4.759998,PAUSE_AT_START,1307.06,6.976,1155.06,1302.531,5.456855,1157.863
4.779998,PAUSE_AT_START,1307.06,6.976,1155.06,1302.569,5.468556,1157.839
4.799998,PAUSE_AT_START,1307.06,6.976,1155.06,1302.607,5.48026,1157.816
4.819998,PAUSE_AT_START,1307.06,6.976,1155.06,1302.645,5.491967,1157.792
4.839998,PAUSE_AT_START,1307.06,6.976,1155.06,1302.683,5.503679,1157.769
4.859998,PAUSE_AT_START,1307.06,6.976,1155.06,1302.721,5.515397,1157.745
4.879998,PAUSE_AT_START,1307.06,6.976,1155.06,1302.759,5.527121,1157.722
4.899998,PAUSE_AT_START,1307.06,6.976,1155.06,1302.796,5.538853,1157.698
4.919998,PAUSE_AT_START,1307.06,6.976,1155.06,1302.834,5.550591,1157.675
4.939998,PAUSE_AT_START,1307.06,6.976,1155.06,1302.872,5.562338,1157.651
4.959998,PAUSE_AT_START,1307.06,6.976,1155.06,1302.91,5.574092,1157.628
4.979998,PAUSE_AT_START,1307.06,6.976,1155.06,1302.948,5.585854,1157.604
4.999998,PAUSE_AT_START,1307.06,6.976,1155.06,1302.986,5.597624,1157.581
5.019998,PAUSE_AT_START,1307.06,6.976,1155.06,1303.023,5.609402,1157.557
5.039998,PAUSE_AT_START,1307.06,6.976,1155.06,1303.061,5.621189,1157.534
5.059998,PAUSE_AT_START,1307.06,6.976,1155.06,1303.099,5.632984,1157.51
5.079998,PAUSE_AT_START,1307.06,6.976,1155.06,1303.137,5.644787,1157.487
5.099998,PAUSE_AT_START,1307.06,6.976,1155.06,1303.175,5.656599,1157.463
5.119998,PAUSE_AT_START,1307.06,6.976,1155.06,1303.212,5.668421,1157.44
5.139998,PAUSE_AT_START,1307.06,6.976,1155.06,1303.25,5.680253,1157.416
5.159998,PAUSE_AT_START,1307.06,6.976,1155.06,1303.288,5.692094,1157.393
5.179998,PAUSE_AT_START,1307.06,6.976,1155.06,1303.325,5.703947,1157.37
5.199998,PAUSE_AT_START,1307.06,6.976,1155.06,1303.363,5.71581,1157.346
5.219998,PAUSE_AT_START,1307.06,6.976,1155.06,1303.401,5.727681,1157.323
5.239998,PAUSE_AT_START,1307.06,6.976,1155.06,1303.438,5.739563,1157.299
5.259998,PAUSE_AT_START,1307.06,6.976,1155.06,1303.476,5.751457,1157.276
5.279998,PAUSE_AT_START,1307.06,6.976,1155.06,1303.514,5.763365,1157.252
5.299998,PAUSE_AT_START,1307.06,6.976,1155.06,1303.551,5.775286,1157.229
5.319998,PAUSE_AT_START,1307.06,6.976,1155.06,1303.589,5.787221,1157.206
5.339998,PAUSE_AT_START,1307.06,6.976,1155.06,1303.626,5.799168,1157.182
5.359998,PAUSE_AT_START,1307.06,6.976,1155.06,1303.664,5.811128,1157.159
5.379998,PAUSE_AT_START,1307.06,6.976,1155.06,1303.701,5.823103,1157.136
5.399998,PAUSE_AT_START,1307.06,6.976,1155.06,1303.739,5.835094,1157.113
5.419998,PAUSE_AT_START,1307.06,6.976,1155.06,1303.776,5.8471,1157.089
5.439998,PAUSE_AT_START,1307.06,6.976,1155.06,1303.814,5.859124,1157.066
5.459998,PAUSE_AT_START,1307.06,6.976,1155.06,1303.851,5.871162,1157.043
5.479998,PAUSE_AT_START,1307.06,6.976,1155.06,1303.889,5.883215,1157.02
5.499998,PAUSE_AT_START,1307.06,6.976,1155.06,1303.926,5.895281,1156.997
5.519998,PAUSE_AT_START,1307.06,6.976,1155.06,1303.964,5.907361,1156.974
5.539998,PAUSE_AT_START,1307.06,6.976,1155.06,1304.001,5.919456,1156.95
5.559998,PAUSE_AT_START,1307.06,6.976,1155.06,1304.039,5.931564,1156.927
5.579998,PAUSE_AT_START,1307.06,6.976,1155.06,1304.076,5.943686,1156.904
5.599998,PAUSE_AT_START,1307.06,6.976,1155.06,1304.114,5.95582,1156.881
5.619998,PAUSE_AT_START,1307.06,6.976,1155.06,1304.151,5.967968,1156.858
5.639998,PAUSE_AT_START,1307.06,6.976,1155.06,1304.188,5.980128,1156.835
5.659998,PAUSE_AT_START,1307.06,6.976,1155.06,1304.226,5.992301,1156.812
5.679998,PAUSE_AT_START,1307.06,6.976,1155.06,1304.263,6.004484,1156.789
5.699998,PAUSE_AT_START,1307.06,6.976,1155.06,1304.301,6.016677,1156.766
5.719998,PAUSE_AT_START,1307.06,6.976,1155.06,1304.338,6.02888,1156.742
5.739998,PAUSE_AT_START,1307.06,6.976,1155.06,1304.376,6.041091,1156.719
5.759998,PAUSE_AT_START,1307.06,6.976,1155.06,1304.413,6.053311,1156.696
5.779998,PAUSE_AT_START,1307.06,6.976,1155.06,1304.451,6.06554,1156.673
5.799998,PAUSE_AT_START,1307.06,6.976,1155.06,1304.489,6.077775,1156.65
5.819998,PAUSE_AT_START,1307.06,6.976,1155.06,1304.526,6.090018,1156.627
5.839998,PAUSE_AT_START,1307.06,6.976,1155.06,1304.564,6.102268,1156.604
5.859998,PAUSE_AT_START,1307.06,6.976,1155.06,1304.601,6.114522,1156.581
5.879998,PAUSE_AT_START,1307.06,6.976,1155.06,1304.639,6.126782,1156.558
5.899998,PAUSE_AT_START,1307.06,6.976,1155.06,1304.677,6.139049,1156.535
5.919998,PAUSE_AT_START,1307.06,6.976,1155.06,1304.714,6.151322,1156.511
5.939998,PAUSE_AT_START,1307.06,6.976,1155.06,1304.752,6.163601,1156.488
5.959998,PAUSE_AT_START,1307.06,6.976,1155.06,1304.789,6.175887,1156.465
5.979998,PAUSE_AT_START,1307.06,6.976,1155.06,1304.827,6.18818,1156.442
5.999998,PAUSE_AT_START,1307.06,6.976,1155.06,1304.865,6.20048,1156.419
6.019998,PAUSE_AT_START,1307.06,6.976,1155.06,1304.902,6.212789,1156.396
6.039998,PAUSE_AT_START,1307.06,6.976,1155.06,1304.94,6.225108,1156.372
6.059998,PAUSE_AT_START,1307.06,6.976,1155.06,1304.977,6.237436,1156.349
6.079998,PAUSE_AT_START,1307.06,6.976,1155.06,1305.015,6.249775,1156.326
6.099998,PAUSE_AT_START,1307.06,6.976,1155.06,1305.052,6.262124,1156.303
6.119998,PAUSE_AT_START,1307.06,6.976,1155.06,1305.09,6.274483,1156.28
6.139998,PAUSE_AT_START,1307.06,6.976,1155.06,1305.128,6.286855,1156.256
6.159998,PAUSE_AT_START,1307.06,6.976,1155.06,1305.165,6.299239,1156.233
6.179998,PAUSE_AT_START,1307.06,6.976,1155.06,1305.203,6.311637,1156.21
6.199998,PAUSE_AT_START,1307.06,6.976,1155.06,1305.24,6.324048,1156.187
6.219998,PAUSE_AT_START,1307.06,6.976,1155.06,1305.278,6.336472,1156.163
6.239998,PAUSE_AT_START,1307.06,6.976,1155.06,1305.316,6.34891,1156.14
6.259998,PAUSE_AT_START,1307.06,6.976,1155.06,1305.353,6.361363,1156.117
6.279998,PAUSE_AT_START,1307.06,6.976,1155.06,1305.391,6.373832,1156.093
6.299998,PAUSE_AT_START,1307.06,6.976,1155.06,1305.428,6.386318,1156.07
6.319998,PAUSE_AT_START,1307.06,6.976,1155.06,1305.466,6.398823,1156.047
6.339998,PAUSE_AT_START,1307.06,6.976,1155.06,1305.504,6.411346,1156.023
6.359998,PAUSE_AT_START,1307.06,6.976,1155.06,1305.541,6.423888,1156
6.379998,PAUSE_AT_START,1307.06,6.976,1155.06,1305.579,6.436449,1155.977
6.399998,PAUSE_AT_START,1307.06,6.976,1155.06,1305.616,6.449029,1155.953
6.419998,PAUSE_AT_START,1307.06,6.976,1155.06,1305.654,6.461631,1155.93
6.439998,PAUSE_AT_START,1307.06,6.976,1155.06,1305.691,6.474255,1155.907
6.459998,PAUSE_AT_START,1307.06,6.976,1155.06,1305.729,6.486903,1155.883
6.479998,PAUSE_AT_START,1307.06,6.976,1155.06,1305.766,6.499576,1155.86
6.499998,PAUSE_AT_START,1307.06,6.976,1155.06,1305.804,6.512273,1155.837
6.519998,PAUSE_AT_START,1307.06,6.976,1155.06,1305.841,6.524996,1155.814
6.539998,PAUSE_AT_START,1307.06,6.976,1155.06,1305.879,6.537744,1155.791
6.559998,PAUSE_AT_START,1307.06,6.976,1155.06,1305.916,6.550519,1155.767
6.579998,PAUSE_AT_START,1307.06,6.976,1155.06,1305.954,6.563321,1155.744
6.599998,TAU,1307.06,6.976,1155.06,1305.991,6.576151,1155.721
6.619998,TAU,1307.06,6.976,1155.06,1306.028,6.589012,1155.698
6.639997,TAU,1307.06,6.976,1155.06,1306.066,6.601904,1155.675
6.659997,TAU,1307.028,6.888207,1155.06,1306.103,6.614828,1155.651
6.679997,TAU,1307.028,6.888207,1155.06,1306.141,6.627784,1155.628
6.699997,TAU,1307.028,6.888207,1155.06,1306.178,6.640459,1155.605
6.719997,TAU,1306.996,6.801251,1155.06,1306.215,6.652849,1155.582
6.739997,TAU,1306.996,6.801251,1155.06,1306.253,6.664982,1155.559
6.759997,TAU,1306.963,6.715129,1155.06,1306.29,6.67644,1155.536
6.779998,TAU,1306.963,6.715129,1155.06,1306.327,6.687195,1155.512
6.799998,TAU,1306.963,6.715129,1155.06,1306.365,6.696829,1155.489
6.819998,TAU,1306.929,6.629838,1155.06,1306.402,6.705378,1155.466
6.839998,TAU,1306.929,6.629838,1155.06,1306.439,6.712915,1155.443
6.859998,TAU,1306.895,6.545375,1155.06,1306.476,6.719119,1155.42
6.879998,TAU,1306.895,6.545375,1155.06,1306.512,6.724113,1155.396
6.899998,TAU,1306.895,6.545375,1155.06,1306.548,6.727677,1155.374
6.919998,TAU,1306.861,6.461739,1155.06,1306.584,6.730005,1155.351
6.939998,TAU,1306.861,6.461739,1155.06,1306.619,6.731333,1155.328
6.959998,TAU,1306.826,6.378922,1155.06,1306.652,6.731522,1155.307
6.979998,TAU,1306.826,6.378922,1155.06,1306.685,6.730742,1155.285
6.999998,TAU,1306.826,6.378922,1155.06,1306.716,6.728857,1155.264
7.019998,TAU,1306.791,6.296925,1155.06,1306.746,6.725979,1155.244
7.039998,TAU,1306.791,6.296925,1155.06,1306.773,6.7222,1155.224
7.059998,TAU,1306.755,6.215742,1155.06,1306.799,6.717353,1155.205
7.079998,TAU,1306.755,6.215742,1155.06,1306.823,6.711446,1155.187
7.099998,TAU,1306.755,6.215742,1155.06,1306.844,6.704309,1155.17
7.119998,TAU,1306.719,6.135371,1155.06,1306.864,6.695909,1155.154
7.139997,TAU,1306.719,6.135371,1155.06,1306.88,6.686201,1155.139
7.159997,TAU,1306.682,6.055807,1155.06,1306.895,6.675022,1155.125
7.179997,TAU,1306.682,6.055807,1155.06,1306.906,6.662337,1155.112
7.199997,TAU,1306.682,6.055807,1155.06,1306.916,6.648033,1155.101
7.219997,TAU,1306.645,5.977047,1155.06,1306.922,6.63202,1155.09
7.239997,TAU,1306.645,5.977047,1155.06,1306.927,6.614262,1155.08
7.259997,TAU,1306.608,5.899088,1155.06,1306.929,6.594635,1155.071
7.279997,TAU,1306.608,5.899088,1155.06,1306.929,6.573109,1155.064
7.299997,TAU,1306.608,5.899088,1155.06,1306.928,6.549746,1155.057
7.319997,TAU,1306.57,5.821926,1155.06,1306.925,6.524723,1155.052
7.339997,TAU,1306.57,5.821926,1155.06,1306.921,6.498232,1155.048
7.359997,TAU,1306.532,5.745556,1155.06,1306.915,6.470298,1155.044
7.379997,TAU,1306.532,5.745556,1155.06,1306.907,6.441097,1155.041
7.399997,TAU,1306.532,5.745556,1155.06,1306.898,6.410669,1155.039
7.419997,TAU,1306.493,5.669974,1155.06,1306.886,6.379165,1155.037
7.439997,TAU,1306.493,5.669974,1155.06,1306.874,6.346767,1155.036
7.459997,TAU,1306.454,5.595178,1155.06,1306.859,6.313501,1155.036
7.479997,TAU,1306.454,5.595178,1155.06,1306.843,6.279541,1155.036
7.499997,TAU,1306.454,5.595178,1155.06,1306.826,6.244898,1155.036
7.519997,TAU,1306.415,5.521162,1155.06,1306.807,6.209761,1155.037
7.539997,TAU,1306.415,5.521162,1155.06,1306.786,6.174351,1155.038
7.559998,TAU,1306.375,5.447924,1155.06,1306.764,6.138657,1155.04
7.579998,TAU,1306.375,5.447924,1155.06,1306.741,6.102898,1155.042
7.599998,TAU,1306.375,5.447924,1155.06,1306.717,6.067045,1155.045
7.619998,TAU,1306.336,5.375457,1155.06,1306.692,6.031324,1155.047
7.639997,TAU,1306.336,5.375457,1155.06,1306.667,5.99598,1155.05
7.659997,TAU,1306.295,5.303758,1155.06,1306.64,5.960932,1155.052
7.679997,TAU,1306.295,5.303758,1155.06,1306.614,5.926383,1155.055
7.699997,TAU,1306.295,5.303758,1155.06,1306.587,5.892203,1155.058
7.719997,TAU,1306.255,5.232822,1155.06,1306.56,5.858574,1155.061
7.739997,TAU,1306.255,5.232822,1155.06,1306.533,5.825684,1155.063
7.759997,TAU,1306.214,5.162648,1155.06,1306.507,5.793329,1155.065
7.779997,TAU,1306.214,5.162648,1155.06,1306.481,5.761628,1155.067
7.799997,TAU,1306.214,5.162648,1155.06,1306.455,5.730337,1155.069
7.819997,TAU,1306.173,5.093229,1155.06,1306.431,5.699556,1155.071
7.839997,TAU,1306.173,5.093229,1155.06,1306.407,5.669389,1155.072
7.859997,TAU,1306.132,5.02456,1155.06,1306.384,5.639544,1155.072
7.879997,TAU,1306.132,5.02456,1155.06,1306.362,5.610074,1155.073
7.899997,TAU,1306.132,5.02456,1155.06,1306.341,5.580683,1155.073
7.919997,TAU,1306.09,4.956639,1155.06,1306.322,5.551427,1155.072
7.939997,TAU,1306.09,4.956639,1155.06,1306.303,5.522389,1155.071
7.959997,TAU,1306.048,4.88946,1155.06,1306.286,5.493271,1155.07
7.979997,TAU,1306.048,4.88946,1155.06,1306.27,5.464141,1155.069
7.999997,TAU,1306.048,4.88946,1155.06,1306.255,5.434739,1155.067
8.019998,TAU,1306.006,4.823016,1155.06,1306.241,5.405178,1155.066
8.039997,TAU,1306.006,4.823016,1155.06,1306.228,5.375607,1155.064
8.059998,TAU,1305.964,4.757307,1155.06,1306.215,5.34582,1155.062
8.079997,TAU,1305.964,4.757307,1155.06,1306.204,5.31598,1155.06
8.099998,TAU,1305.964,4.757307,1155.06,1306.193,5.28593,1155.059
8.119997,TAU,1305.921,4.692327,1155.06,1306.183,5.255876,1155.057
8.139997,TAU,1305.921,4.692327,1155.06,1306.174,5.226044,1155.056
8.159997,TAU,1305.878,4.62807,1155.06,1306.164,5.196299,1155.055
8.179997,TAU,1305.878,4.62807,1155.06,1306.155,5.166839,1155.054
8.199997,TAU,1305.878,4.62807,1155.06,1306.146,5.137526,1155.054
8.219997,TAU,1305.835,4.564532,1155.06,1306.138,5.108541,1155.054
8.239997,TAU,1305.835,4.564532,1155.06,1306.129,5.080075,1155.054
8.259997,TAU,1305.792,4.50171,1155.06,1306.121,5.05195,1155.055
8.279997,TAU,1305.792,4.50171,1155.06,1306.112,5.024291,1155.055
8.299997,TAU,1305.792,4.50171,1155.06,1306.104,4.996903,1155.056
8.319997,TAU,1305.748,4.439597,1155.06,1306.095,4.969894,1155.057
8.339997,TAU,1305.748,4.439597,1155.06,1306.086,4.943379,1155.059
8.359997,TAU,1305.704,4.378189,1155.06,1306.076,4.917146,1155.06
8.379997,TAU,1305.704,4.378189,1155.06,1306.067,4.891275,1155.061
8.399997,TAU,1305.704,4.378189,1155.06,1306.057,4.865572,1155.063
8.419997,TAU,1305.661,4.317481,1155.06,1306.046,4.840123,1155.064
8.439997,TAU,1305.661,4.317481,1155.06,1306.036,4.815029,1155.066
8.459997,TAU,1305.617,4.257469,1155.06,1306.024,4.790101,1155.067
8.479997,TAU,1305.617,4.257469,1155.06,1306.012,4.765409,1155.069
8.499997,TAU,1305.617,4.257469,1155.06,1306,4.740774,1155.07
8.519997,TAU,1305.572,4.198148,1155.06,1305.986,4.716273,1155.072
8.539997,TAU,1305.572,4.198148,1155.06,1305.972,4.692002,1155.073
8.559997,TAU,1305.528,4.139513,1155.06,1305.958,4.667786,1155.074
8.579997,TAU,1305.528,4.139513,1155.06,1305.943,4.643696,1155.076
8.599997,TAU,1305.528,4.139513,1155.06,1305.927,4.619571,1155.077
8.619997,TAU,1305.484,4.08156,1155.06,1305.911,4.595494,1155.078
8.639997,TAU,1305.484,4.08156,1155.06,1305.893,4.571566,1155.078
8.659997,TAU,1305.439,4.024281,1155.06,1305.876,4.547629,1155.079
8.679996,TAU,1305.439,4.024281,1155.06,1305.858,4.523768,1155.079
8.699997,TAU,1305.439,4.024281,1155.06,1305.839,4.499846,1155.08
8.719996,TAU,1305.394,3.967675,1155.06,1305.82,4.476052,1155.08
8.739997,TAU,1305.394,3.967675,1155.06,1305.8,4.452542,1155.08
8.759997,TAU,1305.349,3.911736,1155.06,1305.78,4.429166,1155.079
8.779997,TAU,1305.349,3.911736,1155.06,1305.76,4.405893,1155.079
8.799997,TAU,1305.349,3.911736,1155.06,1305.74,4.382603,1155.078
8.819997,TAU,1305.304,3.856457,1155.06,1305.72,4.359393,1155.077
8.839997,TAU,1305.304,3.856457,1155.06,1305.7,4.33636,1155.076
8.859997,TAU,1305.259,3.801837,1155.06,1305.679,4.313321,1155.075
8.879997,TAU,1305.259,3.801837,1155.06,1305.659,4.290346,1155.074
8.899997,TAU,1305.259,3.801837,1155.06,1305.639,4.267256,1155.072
8.919997,TAU,1305.214,3.747868,1155.06,1305.619,4.244135,1155.07
8.939997,TAU,1305.214,3.747868,1155.06,1305.6,4.221089,1155.068
8.959997,TAU,1305.168,3.694544,1155.06,1305.58,4.197949,1155.067
8.979997,TAU,1305.168,3.694544,1155.06,1305.561,4.174803,1155.065
8.999997,TAU,1305.168,3.694544,1155.06,1305.542,4.15149,1155.063
9.019997,TAU,1305.123,3.641863,1155.06,1305.523,4.128108,1155.061
9.039997,TAU,1305.123,3.641863,1155.06,1305.504,4.10477,1155.059
9.059997,TAU,1305.077,3.58982,1155.06,1305.486,4.081317,1155.057
9.079997,TAU,1305.077,3.58982,1155.06,1305.468,4.057847,1155.055
9.099997,TAU,1305.077,3.58982,1155.06,1305.449,4.034223,1155.053
9.119997,TAU,1305.031,3.538409,1155.06,1305.431,4.01056,1155.052
9.139997,TAU,1305.031,3.538409,1155.06,1305.413,3.986988,1155.05
9.159997,TAU,1304.985,3.487624,1155.06,1305.395,3.963375,1155.049
9.179996,TAU,1304.985,3.487624,1155.06,1305.377,3.939839,1155.047
9.199997,TAU,1304.985,3.487624,1155.06,1305.359,3.916263,1155.047
9.219996,TAU,1304.94,3.437462,1155.06,1305.341,3.892774,1155.046
9.239997,TAU,1304.94,3.437462,1155.06,1305.323,3.869509,1155.045
9.259996,TAU,1304.894,3.387915,1155.06,1305.305,3.846347,1155.045
9.279997,TAU,1304.894,3.387915,1155.06,1305.287,3.823397,1155.044
9.299996,TAU,1304.894,3.387915,1155.06,1305.269,3.800538,1155.044
9.319997,TAU,1304.848,3.338982,1155.06,1305.251,3.777881,1155.044
9.339996,TAU,1304.848,3.338982,1155.06,1305.232,3.755549,1155.045
9.359997,TAU,1304.802,3.290656,1155.06,1305.214,3.733402,1155.045
9.379996,TAU,1304.802,3.290656,1155.06,1305.195,3.711532,1155.046
9.399997,TAU,1304.802,3.290656,1155.06,1305.177,3.689799,1155.046
9.419996,TAU,1304.755,3.242933,1155.06,1305.158,3.668288,1155.047
9.439997,TAU,1304.755,3.242933,1155.06,1305.14,3.647107,1155.048
9.459996,TAU,1304.709,3.195806,1155.06,1305.121,3.626103,1155.049
9.479997,TAU,1304.709,3.195806,1155.06,1305.102,3.605352,1155.05
9.499996,TAU,1304.709,3.195806,1155.06,1305.083,3.584706,1155.052
9.519997,TAU,1304.663,3.149271,1155.06,1305.065,3.564245,1155.053
9.539996,TAU,1304.663,3.149271,1155.06,1305.046,3.544066,1155.054
9.559997,TAU,1304.617,3.103324,1155.06,1305.028,3.524014,1155.055
9.579997,TAU,1304.617,3.103324,1155.06,1305.009,3.504164,1155.057
9.599997,TAU,1304.617,3.103324,1155.06,1304.991,3.484369,1155.058
9.619997,TAU,1304.571,3.057957,1155.06,1304.972,3.464709,1155.059
9.639997,TAU,1304.571,3.057957,1155.06,1304.954,3.445277,1155.06
9.659997,TAU,1304.524,3.01317,1155.06,1304.935,3.42593,1155.062
9.679996,TAU,1304.524,3.01317,1155.06,1304.917,3.406735,1155.063
9.699997,TAU,1304.524,3.01317,1155.06,1304.898,3.38755,1155.064
9.719996,TAU,1304.478,2.968953,1155.06,1304.879,3.368455,1155.064
9.739997,TAU,1304.478,2.968953,1155.06,1304.861,3.349538,1155.065
9.759996,TAU,1304.432,2.925305,1155.06,1304.842,3.330654,1155.066
9.779997,TAU,1304.432,2.925305,1155.06,1304.824,3.311873,1155.067
9.799996,TAU,1304.432,2.925305,1155.06,1304.805,3.293051,1155.067
9.819997,TAU,1304.385,2.882219,1155.06,1304.787,3.274266,1155.067
9.839996,TAU,1304.385,2.882219,1155.06,1304.768,3.255606,1155.068
9.859997,TAU,1304.339,2.839689,1155.06,1304.749,3.236932,1155.068
9.879996,TAU,1304.339,2.839689,1155.06,1304.731,3.218311,1155.067
9.899997,TAU,1304.339,2.839689,1155.06,1304.712,3.19961,1155.067
9.919996,TAU,1304.292,2.797713,1155.06,1304.693,3.180906,1155.067
9.939997,TAU,1304.292,2.797713,1155.06,1304.675,3.162288,1155.066
9.959996,TAU,1304.246,2.756284,1155.06,1304.656,3.143627,1155.066
9.979997,TAU,1304.246,2.756284,1155.06,1304.638,3.124999,1155.065
9.999996,TAU,1304.246,2.756284,1155.06,1304.619,3.106286,1155.064
10.02,TAU,1304.2,2.715398,1155.06,1304.601,3.087578,1155.063
10.04,TAU,1304.2,2.715398,1155.06,1304.582,3.068976,1155.063
10.06,TAU,1304.153,2.675049,1155.06,1304.564,3.050364,1155.062
10.08,TAU,1304.153,2.675049,1155.06,1304.546,3.031831,1155.061
10.1,TAU,1304.153,2.675049,1155.06,1304.528,3.013276,1155.06
10.12,TAU,1304.107,2.635233,1155.06,1304.51,2.994793,1155.059
10.14,TAU,1304.107,2.635233,1155.06,1304.492,2.976487,1155.058
10.16,TAU,1304.061,2.595945,1155.06,1304.474,2.958248,1155.058
10.18,TAU,1304.061,2.595945,1155.06,1304.457,2.940166,1155.057
10.2,TAU,1304.061,2.595945,1155.06,1304.439,2.922139,1155.056
10.22,TAU,1304.015,2.557179,1155.06,1304.422,2.904252,1155.056
10.24,TAU,1304.015,2.557179,1155.06,1304.404,2.8866,1155.055
10.26,TAU,1303.968,2.518932,1155.06,1304.387,2.869072,1155.055
10.28,TAU,1303.968,2.518932,1155.06,1304.37,2.851742,1155.055
10.3,TAU,1303.968,2.518932,1155.06,1304.352,2.834498,1155.054
10.32,TAU,1303.922,2.481198,1155.06,1304.335,2.817417,1155.054
10.34,TAU,1303.922,2.481198,1155.06,1304.318,2.800581,1155.054
10.36,TAU,1303.876,2.443972,1155.06,1304.3,2.783871,1155.055
10.38,TAU,1303.876,2.443972,1155.06,1304.283,2.767349,1155.055
10.4,TAU,1303.876,2.443972,1155.06,1304.266,2.750906,1155.055
10.42,TAU,1303.83,2.40725,1155.06,1304.248,2.734607,1155.056
10.44,TAU,1303.83,2.40725,1155.06,1304.231,2.71852,1155.056
10.46,TAU,1303.784,2.371027,1155.06,1304.213,2.702533,1155.057
10.48,TAU,1303.784,2.371027,1155.06,1304.195,2.6867,1155.057
10.5,TAU,1303.784,2.371027,1155.06,1304.177,2.670913,1155.058
10.52,TAU,1303.738,2.335297,1155.06,1304.159,2.655231,1155.058
10.54,TAU,1303.738,2.335297,1155.06,1304.141,2.639723,1155.059
10.56,TAU,1303.692,2.300056,1155.06,1304.123,2.624278,1155.06
10.58,TAU,1303.692,2.300056,1155.06,1304.104,2.608953,1155.061
10.6,TAU,1303.692,2.300056,1155.06,1304.086,2.593639,1155.061
10.62,TAU,1303.646,2.2653,1155.06,1304.067,2.578397,1155.062
10.64,TAU,1303.646,2.2653,1155.06,1304.049,2.563292,1155.063
10.66,TAU,1303.6,2.231024,1155.06,1304.03,2.548219,1155.064
10.68,TAU,1303.6,2.231024,1155.06,1304.011,2.533231,1155.064
10.7,TAU,1303.6,2.231024,1155.06,1303.992,2.518228,1155.065
10.72,TAU,1303.554,2.197222,1155.06,1303.973,2.503269,1155.065
10.74,TAU,1303.554,2.197222,1155.06,1303.954,2.488422,1155.066
10.76,TAU,1303.508,2.163891,1155.06,1303.935,2.473589,1155.066
10.78,TAU,1303.508,2.163891,1155.06,1303.916,2.458821,1155.067
10.8,TAU,1303.508,2.163891,1155.06,1303.897,2.444025,1155.067
10.82,TAU,1303.463,2.131025,1155.06,1303.878,2.429261,1155.067
10.84,TAU,1303.463,2.131025,1155.06,1303.859,2.414597,1155.067
10.86,TAU,1303.417,2.098619,1155.06,1303.84,2.399938,1155.067
10.88,TAU,1303.417,2.098619,1155.06,1303.821,2.38534,1155.067
10.9,TAU,1303.417,2.098619,1155.06,1303.802,2.370719,1155.067
10.92,TAU,1303.372,2.066669,1155.06,1303.783,2.356138,1155.067
10.94,TAU,1303.372,2.066669,1155.06,1303.764,2.341667,1155.066
10.96,TAU,1303.326,2.035172,1155.06,1303.745,2.327214,1155.066
10.98,TAU,1303.326,2.035172,1155.06,1303.726,2.312837,1155.065
11,TAU,1303.326,2.035172,1155.06,1303.707,2.298452,1155.065
11.02,TAU,1303.281,2.004121,1155.06,1303.688,2.284124,1155.064
11.04,TAU,1303.281,2.004121,1155.06,1303.669,2.269925,1155.064
11.06,TAU,1303.236,1.973512,1155.06,1303.65,2.255768,1155.063
11.08,TAU,1303.236,1.973512,1155.06,1303.631,2.241711,1155.062
11.1,TAU,1303.236,1.973512,1155.06,1303.612,2.227671,1155.061
11.12,TAU,1303.19,1.943341,1155.06,1303.593,2.213712,1155.061
11.14,TAU,1303.19,1.943341,1155.06,1303.574,2.199904,1155.06
11.16,TAU,1303.145,1.913602,1155.06,1303.555,2.186159,1155.059
11.18,TAU,1303.145,1.913602,1155.06,1303.537,2.172534,1155.058
11.2,TAU,1303.145,1.913602,1155.06,1303.518,2.158943,1155.058
11.22,TAU,1303.1,1.884293,1155.06,1303.499,2.14545,1155.057
11.24,TAU,1303.1,1.884293,1155.06,1303.481,2.132118,1155.056
11.26,TAU,1303.056,1.855408,1155.06,1303.462,2.118861,1155.056
11.28,TAU,1303.056,1.855408,1155.06,1303.444,2.105731,1155.055
11.3,TAU,1303.056,1.855408,1155.06,1303.425,2.092643,1155.055
11.32,TAU,1303.011,1.826942,1155.06,1303.407,2.079652,1155.054
11.34,TAU,1303.011,1.826942,1155.06,1303.388,2.06682,1155.054
11.36,TAU,1302.966,1.798891,1155.06,1303.37,2.054058,1155.053
11.38,TAU,1302.966,1.798891,1155.06,1303.352,2.041417,1155.053
11.4,TAU,1302.966,1.798891,1155.06,1303.333,2.028811,1155.053
11.42,TAU,1302.922,1.771251,1155.06,1303.315,2.01629,1155.053
11.44,TAU,1302.922,1.771251,1155.06,1303.297,2.003914,1155.053
11.46,TAU,1302.877,1.744017,1155.06,1303.279,1.991595,1155.053
11.48,TAU,1302.877,1.744017,1155.06,1303.261,1.979379,1155.053
11.5,TAU,1302.877,1.744017,1155.06,1303.243,1.967182,1155.053
11.52,TAU,1302.833,1.717185,1155.06,1303.225,1.955056,1155.053
11.54,TAU,1302.833,1.717185,1155.06,1303.207,1.943055,1155.054
11.56,TAU,1302.788,1.69075,1155.06,1303.189,1.931094,1155.054
11.58,TAU,1302.788,1.69075,1155.06,1303.171,1.919218,1155.054
11.6,TAU,1302.788,1.69075,1155.06,1303.153,1.907348,1155.055
11.62,TAU,1302.744,1.664709,1155.06,1303.135,1.895534,1155.055
11.64,TAU,1302.744,1.664709,1155.06,1303.117,1.88383,1155.056
11.66,TAU,1302.7,1.639056,1155.06,1303.099,1.872157,1155.056
11.68,TAU,1302.7,1.639056,1155.06,1303.082,1.860558,1155.057
11.7,TAU,1302.7,1.639056,1155.06,1303.064,1.84896,1155.057
11.72,TAU,1302.656,1.613787,1155.06,1303.046,1.837412,1155.058
11.74,TAU,1302.656,1.613787,1155.06,1303.028,1.825971,1155.058
11.76,TAU,1302.613,1.588899,1155.06,1303.011,1.814559,1155.059
11.78,TAU,1302.613,1.588899,1155.06,1302.993,1.803222,1155.059
11.8,TAU,1302.613,1.588899,1155.06,1302.975,1.791892,1155.06
11.82,TAU,1302.569,1.564387,1155.06,1302.958,1.78062,1155.06
11.84,TAU,1302.569,1.564387,1155.06,1302.94,1.769457,1155.061
11.86,TAU,1302.526,1.540246,1155.06,1302.923,1.758335,1155.061
11.88,TAU,1302.526,1.540246,1155.06,1302.905,1.747299,1155.061
11.9,TAU,1302.526,1.540246,1155.06,1302.888,1.736283,1155.062
11.92,TAU,1302.482,1.516473,1155.06,1302.87,1.725336,1155.062
11.94,TAU,1302.482,1.516473,1155.06,1302.853,1.71451,1155.062
11.96,TAU,1302.439,1.493063,1155.06,1302.836,1.703738,1155.063
11.98,TAU,1302.439,1.493063,1155.06,1302.818,1.693065,1155.063
12,TAU,1302.439,1.493063,1155.06,1302.801,1.682423,1155.063
12.02,TAU,1302.396,1.470013,1155.06,1302.784,1.671858,1155.063
12.04,TAU,1302.396,1.470013,1155.06,1302.766,1.661418,1155.063
12.06,TAU,1302.353,1.447317,1155.06,1302.749,1.651037,1155.063
12.08,TAU,1302.353,1.447317,1155.06,1302.732,1.640758,1155.063
12.1,TAU,1302.353,1.447317,1155.06,1302.715,1.630514,1155.063
12.12,TAU,1302.31,1.424973,1155.06,1302.698,1.620347,1155.063
12.14,TAU,1302.31,1.424973,1155.06,1302.68,1.610301,1155.063
12.16,TAU,1302.268,1.402975,1155.06,1302.663,1.600312,1155.063
12.18,TAU,1302.268,1.402975,1155.06,1302.646,1.590416,1155.063
12.2,TAU,1302.268,1.402975,1155.06,1302.629,1.580552,1155.063
12.22,TAU,1302.225,1.38132,1155.06,1302.611,1.570755,1155.063
12.24,TAU,1302.225,1.38132,1155.06,1302.594,1.561073,1155.063
12.26,TAU,1302.183,1.360005,1155.06,1302.577,1.55144,1155.063
12.28,TAU,1302.183,1.360005,1155.06,1302.56,1.541888,1155.062
12.3,TAU,1302.183,1.360005,1155.06,1302.543,1.532355,1155.062
12.32,TAU,1302.14,1.339024,1155.06,1302.525,1.522881,1155.062
12.34,TAU,1302.14,1.339024,1155.06,1302.508,1.513503,1155.062
12.36,TAU,1302.098,1.318373,1155.06,1302.491,1.504161,1155.062
12.38,TAU,1302.098,1.318373,1155.06,1302.474,1.494888,1155.062
12.4,TAU,1302.098,1.318373,1155.06,1302.457,1.485624,1155.062
12.42,TAU,1302.056,1.29805,1155.06,1302.439,1.476408,1155.061
12.44,TAU,1302.056,1.29805,1155.06,1302.422,1.467282,1155.061
12.46,TAU,1302.015,1.27805,1155.06,1302.405,1.458179,1155.061
12.48,TAU,1302.015,1.27805,1155.06,1302.388,1.449136,1155.061
12.5,TAU,1302.015,1.27805,1155.06,1302.37,1.440096,1155.061
12.52,TAU,1301.973,1.258369,1155.06,1302.353,1.431095,1155.061
12.54,TAU,1301.973,1.258369,1155.06,1302.336,1.422174,1155.061
12.56,TAU,1301.932,1.239003,1155.06,1302.319,1.413277,1155.061
12.58,TAU,1301.932,1.239003,1155.06,1302.302,1.404435,1155.06
12.6,TAU,1301.932,1.239003,1155.06,1302.284,1.395596,1155.06
12.62,TAU,1301.89,1.219949,1155.06,1302.267,1.386796,1155.06
12.64,TAU,1301.89,1.219949,1155.06,1302.25,1.378075,1155.06
12.66,TAU,1301.849,1.201203,1155.06,1302.233,1.36938,1155.06
12.68,TAU,1301.849,1.201203,1155.06,1302.216,1.360744,1155.06
12.7,TAU,1301.849,1.201203,1155.06,1302.198,1.352116,1155.06
12.72,TAU,1301.808,1.18276,1155.06,1302.181,1.343533,1155.06
12.74,TAU,1301.808,1.18276,1155.06,1302.164,1.335037,1155.06
12.76,TAU,1301.767,1.164618,1155.06,1302.147,1.326572,1155.06
12.78,TAU,1301.767,1.164618,1155.06,1302.13,1.318175,1155.06
12.8,TAU,1301.767,1.164618,1155.06,1302.112,1.309793,1155.06
12.82,TAU,1301.727,1.146772,1155.06,1302.095,1.301464,1155.06
12.84,TAU,1301.727,1.146772,1155.06,1302.078,1.293227,1155.06
12.86,TAU,1301.686,1.12922,1155.06,1302.061,1.285029,1155.06
12.88,TAU,1301.686,1.12922,1155.06,1302.044,1.276902,1155.06
12.9,TAU,1301.686,1.12922,1155.06,1302.027,1.268798,1155.06
12.92,TAU,1301.646,1.111956,1155.06,1302.01,1.260751,1155.06
12.94,TAU,1301.646,1.111956,1155.06,1301.992,1.252798,1155.06
12.96,TAU,1301.605,1.094977,1155.06,1301.975,1.244888,1155.06
12.98,TAU,1301.605,1.094977,1155.06,1301.958,1.23705,1155.06
13,TAU,1301.605,1.094977,1155.06,1301.942,1.229236,1155.06
13.02,TAU,1301.565,1.078281,1155.06,1301.925,1.221477,1155.06
13.04,TAU,1301.565,1.078281,1155.06,1301.908,1.213812,1155.06
13.06,TAU,1301.526,1.061863,1155.06,1301.891,1.206188,1155.06
13.08,TAU,1301.526,1.061863,1155.06,1301.874,1.198634,1155.059
13.1,TAU,1301.526,1.061863,1155.06,1301.858,1.1911,1155.059
13.12,TAU,1301.486,1.04572,1155.06,1301.841,1.183617,1155.059
13.14,TAU,1301.486,1.04572,1155.06,1301.824,1.176222,1155.059
13.16,TAU,1301.446,1.029848,1155.06,1301.808,1.168864,1155.059
13.18,TAU,1301.446,1.029848,1155.06,1301.791,1.161569,1155.059
13.2,TAU,1301.446,1.029848,1155.06,1301.775,1.15429,1155.059
13.22,TAU,1301.407,1.014244,1155.06,1301.759,1.147059,1155.059
13.24,TAU,1301.407,1.014244,1155.06,1301.742,1.13991,1155.058
13.26,TAU,1301.368,0.9989045,1155.06,1301.726,1.132792,1155.058
13.27999,TAU,1301.368,0.9989045,1155.06,1301.71,1.125733,1155.058
13.3,TAU,1301.368,0.9989045,1155.06,1301.694,1.118688,1155.058
13.31999,TAU,1301.329,0.9838259,1155.06,1301.678,1.111687,1155.058
13.34,TAU,1301.329,0.9838259,1155.06,1301.662,1.104762,1155.058
13.35999,TAU,1301.29,0.9690044,1155.06,1301.646,1.097867,1155.058
13.38,TAU,1301.29,0.9690044,1155.06,1301.63,1.091029,1155.058
13.39999,TAU,1301.29,0.9690044,1155.06,1301.614,1.084204,1155.058
13.42,TAU,1301.251,0.9544377,1155.06,1301.598,1.077423,1155.058
13.43999,TAU,1301.251,0.9544377,1155.06,1301.583,1.070717,1155.058
13.46,TAU,1301.213,0.9401217,1155.06,1301.567,1.064041,1155.058
13.47999,TAU,1301.213,0.9401217,1155.06,1301.551,1.057421,1155.058
13.5,TAU,1301.213,0.9401217,1155.06,1301.536,1.050817,1155.058
13.51999,TAU,1301.175,0.9260528,1155.06,1301.52,1.044256,1155.058
13.54,TAU,1301.175,0.9260528,1155.06,1301.505,1.037768,1155.058
13.56,TAU,1301.137,0.9122286,1155.06,1301.489,1.031314,1155.059
13.58,TAU,1301.137,0.9122286,1155.06,1301.474,1.024917,1155.059
13.6,TAU,1301.137,0.9122286,1155.06,1301.458,1.018538,1155.059
13.62,TAU,1301.099,0.8986454,1155.06,1301.443,1.012204,1155.059
13.64,TAU,1301.099,0.8986454,1155.06,1301.427,1.005943,1155.059
13.66,TAU,1301.061,0.8852994,1155.06,1301.412,0.9997144,1155.059
13.68,TAU,1301.061,0.8852994,1155.06,1301.396,0.9935429,1155.059
13.7,TAU,1301.061,0.8852994,1155.06,1301.381,0.9873912,1155.059
13.72,TAU,1301.023,0.8721883,1155.06,1301.366,0.9812856,1155.06
13.74,TAU,1301.023,0.8721883,1155.06,1301.35,0.9752524,1155.06
13.76,TAU,1300.986,0.8593085,1155.06,1301.335,0.9692521,1155.06
13.77999,TAU,1300.986,0.8593085,1155.06,1301.319,0.9633074,1155.06
13.8,TAU,1300.986,0.8593085,1155.06,1301.304,0.957381,1155.06
13.81999,TAU,1300.949,0.846657,1155.06,1301.289,0.9514976,1155.06
13.84,TAU,1300.949,0.846657,1155.06,1301.274,0.9456835,1155.06
13.85999,TAU,1300.912,0.8342304,1155.06,1301.258,0.9399033,1155.06
13.88,TAU,1300.912,0.8342304,1155.06,1301.243,0.9341762,1155.061
13.89999,TAU,1300.912,0.8342304,1155.06,1301.228,0.9284682,1155.061
13.92,TAU,1300.875,0.8220263,1155.06,1301.213,0.9228001,1155.061
13.93999,TAU,1300.875,0.8220263,1155.06,1301.197,0.917197,1155.061
13.96,TAU,1300.838,0.810041,1155.06,1301.182,0.9116225,1155.061
13.97999,TAU,1300.838,0.810041,1155.06,1301.167,0.9060969,1155.061
14,TAU,1300.838,0.810041,1155.06,1301.152,0.9005866,1155.061
14.01999,TAU,1300.802,0.7982712,1155.06,1301.136,0.8951135,1155.061
14.04,TAU,1300.802,0.7982712,1155.06,1301.121,0.8897016,1155.061
14.05999,TAU,1300.766,0.7867148,1155.06,1301.106,0.8843143,1155.061
14.08,TAU,1300.766,0.7867148,1155.06,1301.091,0.8789732,1155.061
14.09999,TAU,1300.766,0.7867148,1155.06,1301.075,0.8736463,1155.061
14.12,TAU,1300.729,0.7753682,1155.06,1301.06,0.8683534,1155.061
14.13999,TAU,1300.729,0.7753682,1155.06,1301.045,0.8631201,1155.061
14.16,TAU,1300.694,0.7642283,1155.06,1301.03,0.8579102,1155.061
14.17999,TAU,1300.694,0.7642283,1155.06,1301.015,0.8527441,1155.061
14.2,TAU,1300.694,0.7642283,1155.06,1301,0.8475895,1155.061
14.21999,TAU,1300.658,0.7532928,1155.06,1300.984,0.8424673,1155.061
14.24,TAU,1300.658,0.7532928,1155.06,1300.969,0.8374009,1155.061
14.25999,TAU,1300.622,0.7425585,1155.06,1300.954,0.8323567,1155.061
14.27999,TAU,1300.622,0.7425585,1155.06,1300.939,0.8273549,1155.061
14.29999,TAU,1300.622,0.7425585,1155.06,1300.924,0.8223648,1155.061
14.31999,TAU,1300.587,0.7320225,1155.06,1300.909,0.8174052,1155.061
14.34,TAU,1300.587,0.7320225,1155.06,1300.895,0.812499,1155.061
14.35999,TAU,1300.552,0.7216821,1155.06,1300.88,0.8076172,1155.061
14.38,TAU,1300.552,0.7216821,1155.06,1300.865,0.8027773,1155.06
14.39999,TAU,1300.552,0.7216821,1155.06,1300.85,0.7979486,1155.06
14.42,TAU,1300.517,0.711534,1155.06,1300.835,0.7931528,1155.06
14.43999,TAU,1300.517,0.711534,1155.06,1300.82,0.7884119,1155.06
14.46,TAU,1300.482,0.7015762,1155.06,1300.806,0.7836947,1155.06
14.47999,TAU,1300.482,0.7015762,1155.06,1300.791,0.7790196,1155.06
14.5,TAU,1300.482,0.7015762,1155.06,1300.776,0.774358,1155.06
14.51999,TAU,1300.448,0.6918051,1155.06,1300.762,0.7697299,1155.06
14.54,TAU,1300.448,0.6918051,1155.06,1300.747,0.7651563,1155.059
14.55999,TAU,1300.413,0.682219,1155.06,1300.733,0.7606072,1155.059
14.58,TAU,1300.413,0.682219,1155.06,1300.718,0.7561002,1155.059
14.59999,TAU,1300.413,0.682219,1155.06,1300.704,0.7516069,1155.059
14.62,TAU,1300.379,0.6728144,1155.06,1300.689,0.7471471,1155.059
14.63999,TAU,1300.379,0.6728144,1155.06,1300.675,0.7427409,1155.059
14.66,TAU,1300.345,0.6635885,1155.06,1300.661,0.7383595,1155.059
14.67999,TAU,1300.345,0.6635885,1155.06,1300.646,0.7340193,1155.059
14.7,TAU,1300.345,0.6635885,1155.06,1300.632,0.7296939,1155.059
14.71999,TAU,1300.311,0.6545393,1155.06,1300.618,0.7254014,1155.059
14.74,TAU,1300.311,0.6545393,1155.06,1300.604,0.7211616,1155.059
14.75999,TAU,1300.278,0.6456637,1155.06,1300.589,0.7169461,1155.059
14.77999,TAU,1300.278,0.6456637,1155.06,1300.575,0.7127707,1155.059
14.79999,TAU,1300.278,0.6456637,1155.06,1300.561,0.7086091,1155.059
14.81999,TAU,1300.244,0.6369596,1155.06,1300.547,0.7044797,1155.059
14.83999,TAU,1300.244,0.6369596,1155.06,1300.533,0.7004008,1155.059
14.85999,TAU,1300.211,0.6284237,1155.06,1300.519,0.6963449,1155.059
14.87999,TAU,1300.211,0.6284237,1155.06,1300.505,0.692328,1155.059
14.89999,TAU,1300.211,0.6284237,1155.06,1300.491,0.6883242,1155.059
14.91999,TAU,1300.178,0.6200542,1155.06,1300.478,0.6843507,1155.059
14.93999,TAU,1300.178,0.6200542,1155.06,1300.464,0.6804256,1155.059
14.95999,TAU,1300.145,0.6118481,1155.06,1300.45,0.6765227,1155.059
14.97999,TAU,1300.145,0.6118481,1155.06,1300.436,0.6726568,1155.059
14.99999,TAU,1300.145,0.6118481,1155.06,1300.422,0.6688035,1155.059
15.01999,TAU,1300.112,0.6038032,1155.06,1300.409,0.664979,1155.059
15.03999,TAU,1300.112,0.6038032,1155.06,1300.395,0.6612015,1155.059
15.05999,TAU,1300.08,0.5959167,1155.06,1300.382,0.657445,1155.059
15.07999,TAU,1300.08,0.5959167,1155.06,1300.368,0.6537244,1155.059
15.09999,TAU,1300.08,0.5959167,1155.06,1300.354,0.6500161,1155.059
15.12,TAU,1300.048,0.5881865,1155.06,1300.341,0.6463354,1155.059
15.13999,TAU,1300.048,0.5881865,1155.06,1300.328,0.6426995,1155.059
15.16,TAU,1300.016,0.58061,1155.06,1300.314,0.6390848,1155.059
15.17999,TAU,1300.016,0.58061,1155.06,1300.301,0.635505,1155.059
15.2,TAU,1300.016,0.58061,1155.06,1300.287,0.631938,1155.059
15.21999,TAU,1299.984,0.573185,1155.06,1300.274,0.6283998,1155.059
15.24,TAU,1299.984,0.573185,1155.06,1300.261,0.6249051,1155.059
15.25999,TAU,1299.952,0.5659089,1155.06,1300.248,0.6214314,1155.059
15.27999,TAU,1299.952,0.5659089,1155.06,1300.234,0.6179905,1155.059
15.29999,TAU,1299.952,0.5659089,1155.06,1300.221,0.614563,1155.059
15.31999,TAU,1299.921,0.5587797,1155.06,1300.208,0.6111634,1155.059
15.33999,TAU,1299.921,0.5587797,1155.06,1300.195,0.6078072,1155.059
15.35999,TAU,1299.889,0.5517945,1155.06,1300.182,0.6044726,1155.059
15.37999,TAU,1299.889,0.5517945,1155.06,1300.169,0.6011715,1155.059
15.39999,TAU,1299.889,0.5517945,1155.06,1300.156,0.597883,1155.059
15.41999,TAU,1299.858,0.5449519,1155.06,1300.143,0.5946202,1155.059
15.43999,TAU,1299.858,0.5449519,1155.06,1300.13,0.5913982,1155.06
15.45999,TAU,1299.827,0.5382485,1155.06,1300.117,0.5881977,1155.06
15.47999,TAU,1299.827,0.5382485,1155.06,1300.104,0.5850298,1155.06
15.49999,TAU,1299.827,0.5382485,1155.06,1300.091,0.5818753,1155.06
15.51999,TAU,1299.797,0.5316834,1155.06,1300.078,0.5787466,1155.06
15.53999,TAU,1299.797,0.5316834,1155.06,1300.065,0.5756586,1155.06
15.55999,TAU,1299.766,0.5252533,1155.06,1300.052,0.5725896,1155.06
15.57999,TAU,1299.766,0.5252533,1155.06,1300.04,0.5695508,1155.06
15.59999,TAU,1299.766,0.5252533,1155.06,1300.027,0.5665226,1155.06
15.61999,TAU,1299.736,0.5189567,1155.06,1300.014,0.563519,1155.06
15.63999,TAU,1299.736,0.5189567,1155.06,1300.001,0.5605531,1155.06
15.65999,TAU,1299.705,0.5127912,1155.06,1299.989,0.5576053,1155.06
15.67999,TAU,1299.705,0.5127912,1155.06,1299.976,0.5546861,1155.06
15.69999,TAU,1299.705,0.5127912,1155.06,1299.963,0.5517774,1155.06
15.71999,TAU,1299.676,0.5067544,1155.06,1299.951,0.5488915,1155.06
15.73999,TAU,1299.676,0.5067544,1155.06,1299.938,0.546042,1155.06
15.75999,TAU,1299.646,0.5008445,1155.06,1299.926,0.5432091,1155.06
15.77999,TAU,1299.646,0.5008445,1155.06,1299.913,0.5404027,1155.06
15.79999,TAU,1299.646,0.5008445,1155.06,1299.901,0.5376062,1155.06
15.81999,TAU,1299.616,0.4950593,1155.06,1299.888,0.5348315,1155.06
15.83999,TAU,1299.616,0.4950593,1155.06,1299.875,0.5320897,1155.06
15.85999,TAU,1299.587,0.4893968,1155.06,1299.863,0.5293648,1155.06
15.87999,TAU,1299.587,0.4893968,1155.06,1299.851,0.5266659,1155.06
15.89999,TAU,1299.587,0.4893968,1155.06,1299.838,0.5239768,1155.06
15.91999,TAU,1299.558,0.483855,1155.06,1299.826,0.5213079,1155.06
15.93999,TAU,1299.558,0.483855,1155.06,1299.813,0.518671,1155.06
15.95999,TAU,1299.529,0.4784319,1155.06,1299.801,0.5160496,1155.06
15.97999,TAU,1299.529,0.4784319,1155.06,1299.789,0.5134537,1155.06
15.99999,TAU,1299.529,0.4784319,1155.06,1299.776,0.5108676,1155.06
16.01999,TAU,1299.5,0.4731255,1155.06,1299.764,0.5083022,1155.06
16.04,TAU,1299.5,0.4731255,1155.06,1299.752,0.5057681,1155.06
16.05999,TAU,1299.471,0.4679337,1155.06,1299.74,0.5032501,1155.06
16.07999,TAU,1299.471,0.4679337,1155.06,1299.727,0.5007565,1155.06
16.09999,TAU,1299.471,0.4679337,1155.06,1299.715,0.4982729,1155.06
16.12,TAU,1299.443,0.4628546,1155.06,1299.703,0.4958098,1155.06
16.13999,TAU,1299.443,0.4628546,1155.06,1299.691,0.4933779,1155.06
16.15999,TAU,1299.415,0.4578865,1155.06,1299.679,0.4909616,1155.06
16.17999,TAU,1299.415,0.4578865,1155.06,1299.667,0.4885697,1155.06
16.2,TAU,1299.415,0.4578865,1155.06,1299.655,0.4861879,1155.06
16.21999,TAU,1299.387,0.4530272,1155.06,1299.643,0.4838262,1155.06
16.23999,TAU,1299.387,0.4530272,1155.06,1299.631,0.4814954,1155.06
16.25999,TAU,1299.359,0.4482751,1155.06,1299.619,0.4791796,1155.06
16.27999,TAU,1299.359,0.4482751,1155.06,1299.607,0.4768882,1155.06
16.29999,TAU,1299.359,0.4482751,1155.06,1299.596,0.4746065,1155.06
16.31999,TAU,1299.331,0.4436283,1155.06,1299.584,0.4723444,1155.06
16.33999,TAU,1299.331,0.4436283,1155.06,1299.572,0.4701121,1155.06
16.35999,TAU,1299.304,0.4390848,1155.06,1299.56,0.467895,1155.06
16.37999,TAU,1299.304,0.4390848,1155.06,1299.549,0.4657013,1155.06
16.39999,TAU,1299.304,0.4390848,1155.06,1299.537,0.4635174,1155.06
16.41999,TAU,1299.277,0.4346428,1155.06,1299.526,0.4613528,1155.06
16.43999,TAU,1299.277,0.4346428,1155.06,1299.514,0.4592166,1155.06
16.45999,TAU,1299.25,0.4303007,1155.06,1299.502,0.4570951,1155.06
16.47999,TAU,1299.25,0.4303007,1155.06,1299.491,0.4549961,1155.06
16.49999,TAU,1299.25,0.4303007,1155.06,1299.479,0.4529066,1155.06
16.51999,TAU,1299.223,0.4260566,1155.06,1299.468,0.4508355,1155.06
16.53999,TAU,1299.223,0.4260566,1155.06,1299.457,0.448792,1155.06
16.55999,TAU,1299.196,0.4219089,1155.06,1299.445,0.4467626,1155.06
16.57999,TAU,1299.196,0.4219089,1155.06,1299.434,0.4447551,1155.06
16.59999,TAU,1299.196,0.4219089,1155.06,1299.423,0.4427571,1155.06
16.61999,TAU,1299.17,0.4178557,1155.06,1299.412,0.4407766,1155.06
16.63999,TAU,1299.17,0.4178557,1155.06,1299.401,0.4388225,1155.06
16.65999,TAU,1299.144,0.4138956,1155.06,1299.389,0.4368815,1155.06
16.67999,TAU,1299.144,0.4138956,1155.06,1299.378,0.4349616,1155.06
16.69999,TAU,1299.144,0.4138956,1155.06,1299.367,0.4330506,1155.06
16.71999,TAU,1299.118,0.4100266,1155.06,1299.356,0.4311566,1155.06
16.73999,TAU,1299.118,0.4100266,1155.06,1299.345,0.4292881,1155.06
16.75999,TAU,1299.092,0.4062471,1155.06,1299.334,0.427433,1155.06
16.77999,TAU,1299.092,0.4062471,1155.06,1299.323,0.4255979,1155.06
16.79999,TAU,1299.092,0.4062471,1155.06,1299.312,0.4237716,1155.06
16.81999,TAU,1299.066,0.4025557,1155.06,1299.302,0.421962,1155.06
16.83999,TAU,1299.066,0.4025557,1155.06,1299.291,0.4201765,1155.06
16.85999,TAU,1299.041,0.3989506,1155.06,1299.28,0.4184036,1155.06
16.87999,TAU,1299.041,0.3989506,1155.06,1299.269,0.4166498,1155.06
16.89999,TAU,1299.041,0.3989506,1155.06,1299.258,0.4149053,1155.06
16.91999,TAU,1299.015,0.3954303,1155.06,1299.248,0.4131775,1155.06
16.93999,TAU,1299.015,0.3954303,1155.06,1299.237,0.411473,1155.06
16.95999,TAU,1298.99,0.3919933,1155.06,1299.226,0.4097817,1155.06
16.97999,TAU,1298.99,0.3919933,1155.06,1299.216,0.4081089,1155.06
16.99999,TAU,1298.99,0.3919933,1155.06,1299.205,0.4064448,1155.06
17.01999,TAU,1298.965,0.388638,1155.06,1299.194,0.4047956,1155.06
17.03999,TAU,1298.965,0.388638,1155.06,1299.184,0.4031687,1155.06
17.05999,TAU,1298.94,0.3853626,1155.06,1299.173,0.4015541,1155.06
17.07999,TAU,1298.94,0.3853626,1155.06,1299.163,0.3999579,1155.06
17.09999,TAU,1298.94,0.3853626,1155.06,1299.152,0.3983703,1155.06
17.11999,TAU,1298.916,0.3821661,1155.06,1299.142,0.3967969,1155.06
17.13999,TAU,1298.916,0.3821661,1155.06,1299.132,0.3952456,1155.06
17.15999,TAU,1298.891,0.3790467,1155.06,1299.121,0.3937058,1155.06
17.17999,TAU,1298.891,0.3790467,1155.06,1299.111,0.3921835,1155.06
17.19999,TAU,1298.891,0.3790467,1155.06,1299.101,0.3906698,1155.06
17.21999,TAU,1298.867,0.3760028,1155.06,1299.09,0.3891699,1155.06
17.23999,TAU,1298.867,0.3760028,1155.06,1299.08,0.3876908,1155.06
17.25999,TAU,1298.843,0.3730333,1155.06,1299.07,0.3862231,1155.06
17.27999,TAU,1298.843,0.3730333,1155.06,1299.06,0.3847721,1155.06
17.29999,TAU,1298.843,0.3730333,1155.06,1299.049,0.3833289,1155.06
17.31999,TAU,1298.82,0.3701367,1155.06,1299.039,0.3818989,1155.06
17.33999,TAU,1298.82,0.3701367,1155.06,1299.029,0.3804886,1155.06
17.35999,TAU,1298.796,0.3673115,1155.06,1299.019,0.3790889,1155.06
17.37999,TAU,1298.796,0.3673115,1155.06,1299.009,0.3777044,1155.06
17.39999,TAU,1298.796,0.3673115,1155.06,1298.999,0.3763273,1155.06
17.41999,TAU,1298.773,0.3645561,1155.06,1298.989,0.374963,1155.06
17.43999,TAU,1298.773,0.3645561,1155.06,1298.979,0.3736174,1155.06
17.45999,TAU,1298.749,0.3618696,1155.06,1298.969,0.3722816,1155.06
17.47999,TAU,1298.749,0.3618696,1155.06,1298.959,0.3709605,1155.06
17.49999,TAU,1298.749,0.3618696,1155.06,1298.949,0.3696468,1155.06
17.51999,TAU,1298.726,0.3592503,1155.06,1298.939,0.3683453,1155.06
17.53999,TAU,1298.726,0.3592503,1155.06,1298.929,0.3670614,1155.06
17.55999,TAU,1298.703,0.3566971,1155.06,1298.919,0.3657868,1155.06
17.57999,TAU,1298.703,0.3566971,1155.06,1298.91,0.3645263,1155.06
17.59999,TAU,1298.703,0.3566971,1155.06,1298.9,0.3632729,1155.06
17.61999,TAU,1298.681,0.3542087,1155.06,1298.89,0.3620312,1155.06
17.63999,TAU,1298.681,0.3542087,1155.06,1298.88,0.3608072,1155.06
17.65999,TAU,1298.658,0.3517835,1155.06,1298.871,0.3595915,1155.06
17.67999,TAU,1298.658,0.3517835,1155.06,1298.861,0.3583896,1155.06
17.69999,TAU,1298.658,0.3517835,1155.06,1298.851,0.3571947,1155.06
17.71999,TAU,1298.636,0.3494205,1155.06,1298.842,0.3560112,1155.06
17.73999,TAU,1298.636,0.3494205,1155.06,1298.832,0.3548443,1155.06
17.75999,TAU,1298.614,0.3471184,1155.06,1298.823,0.3536868,1155.06
17.77999,TAU,1298.614,0.3471184,1155.06,1298.813,0.3525426,1155.06
17.79999,TAU,1298.614,0.3471184,1155.06,1298.804,0.3514049,1155.06
17.81999,TAU,1298.592,0.3448758,1155.06,1298.794,0.3502781,1155.06
17.83999,TAU,1298.592,0.3448758,1155.06,1298.785,0.3491673,1155.06
17.85999,TAU,1298.57,0.3426919,1155.06,1298.776,0.3480654,1155.06
17.87999,TAU,1298.57,0.3426919,1155.06,1298.766,0.3469768,1155.06
17.89999,TAU,1298.57,0.3426919,1155.06,1298.757,0.3458943,1155.06
17.91999,TAU,1298.549,0.3405652,1155.06,1298.748,0.3448226,1155.06
17.93999,TAU,1298.549,0.3405652,1155.06,1298.738,0.3437667,1155.06
17.95999,TAU,1298.527,0.3384943,1155.06,1298.729,0.3427191,1155.06
17.97999,TAU,1298.527,0.3384943,1155.06,1298.72,0.3416839,1155.06
17.99999,TAU,1298.527,0.3384943,1155.06,1298.711,0.3406551,1155.06
18.01999,TAU,1298.506,0.3364785,1155.06,1298.702,0.3396368,1155.06
18.03999,TAU,1298.506,0.3364785,1155.06,1298.692,0.3386338,1155.06
18.05999,TAU,1298.485,0.3345165,1155.06,1298.683,0.3376391,1155.06
18.07999,TAU,1298.485,0.3345165,1155.06,1298.674,0.3366563,1155.06
18.09999,TAU,1298.485,0.3345165,1155.06,1298.665,0.3356795,1155.06
18.11999,TAU,1298.464,0.332607,1155.06,1298.656,0.3347125,1155.06
18.13999,TAU,1298.464,0.332607,1155.06,1298.647,0.3337605,1155.06
18.15999,TAU,1298.444,0.330749,1155.06,1298.639,0.3328164,1155.06
18.17999,TAU,1298.444,0.330749,1155.06,1298.63,0.3318837,1155.06
18.19999,TAU,1298.444,0.330749,1155.06,1298.621,0.3309565,1155.06
18.21999,TAU,1298.423,0.3289413,1155.06,1298.612,0.3300393,1155.06
18.23999,TAU,1298.423,0.3289413,1155.06,1298.603,0.3291361,1155.06
18.25999,TAU,1298.403,0.3271832,1155.06,1298.594,0.3282406,1155.06
18.27999,TAU,1298.403,0.3271832,1155.06,1298.586,0.3273561,1155.06
18.29999,TAU,1298.403,0.3271832,1155.06,1298.577,0.3264773,1155.06
18.31999,TAU,1298.383,0.3254733,1155.06,1298.568,0.3256075,1155.06
18.33999,TAU,1298.383,0.3254733,1155.06,1298.56,0.3247507,1155.06
18.35999,TAU,1298.363,0.3238106,1155.06,1298.551,0.3239014,1155.06
18.37999,TAU,1298.363,0.3238106,1155.06,1298.543,0.3230624,1155.06
18.39999,TAU,1298.363,0.3238106,1155.06,1298.534,0.3222294,1155.06
18.41999,TAU,1298.343,0.3221941,1155.06,1298.526,0.3214052,1155.06
18.43999,TAU,1298.343,0.3221941,1155.06,1298.517,0.3205929,1155.06
18.45999,TAU,1298.324,0.3206227,1155.06,1298.509,0.3197882,1155.06
18.47999,TAU,1298.324,0.3206227,1155.06,1298.5,0.3189936,1155.06
18.49999,TAU,1298.324,0.3206227,1155.06,1298.492,0.3182046,1155.06
18.51999,TAU,1298.304,0.3190956,1155.06,1298.484,0.3174238,1155.06
18.53999,TAU,1298.304,0.3190956,1155.06,1298.475,0.3166552,1155.06
18.55999,TAU,1298.285,0.3176117,1155.06,1298.467,0.3158937,1155.06
18.57999,TAU,1298.285,0.3176117,1155.06,1298.459,0.3151419,1155.06
18.59999,TAU,1298.285,0.3176117,1155.06,1298.451,0.3143954,1155.06
18.61999,TAU,1298.266,0.3161702,1155.06,1298.442,0.3136573,1155.06
18.63999,TAU,1298.266,0.3161702,1155.06,1298.434,0.3129303,1155.06
18.65999,TAU,1298.247,0.3147697,1155.06,1298.426,0.3122103,1155.06
18.67999,TAU,1298.247,0.3147697,1155.06,1298.418,0.3114996,1155.06
18.69999,TAU,1298.247,0.3147697,1155.06,1298.41,0.3107941,1155.06
18.71999,TAU,1298.229,0.3134098,1155.06,1298.402,0.3100963,1155.06
18.73999,TAU,1298.229,0.3134098,1155.06,1298.394,0.3094099,1155.06
18.75999,TAU,1298.21,0.3120894,1155.06,1298.386,0.3087294,1155.06
18.77999,TAU,1298.21,0.3120894,1155.06,1298.378,0.3080578,1155.06
18.79999,TAU,1298.21,0.3120894,1155.06,1298.37,0.3073902,1155.06
18.81999,TAU,1298.192,0.3108075,1155.06,1298.362,0.306731,1155.06
18.83999,TAU,1298.192,0.3108075,1155.06,1298.354,0.3060818,1155.06
18.85999,TAU,1298.174,0.3095632,1155.06,1298.346,0.3054383,1155.06
18.87999,TAU,1298.174,0.3095632,1155.06,1298.338,0.3048034,1155.06
18.89999,TAU,1298.174,0.3095632,1155.06,1298.331,0.304173,1155.06
18.91999,TAU,1298.156,0.3083558,1155.06,1298.323,0.3035498,1155.06
18.93999,TAU,1298.156,0.3083558,1155.06,1298.315,0.3029363,1155.06
18.95999,TAU,1298.138,0.3071842,1155.06,1298.307,0.3023286,1155.06
18.97999,TAU,1298.138,0.3071842,1155.06,1298.3,0.3017287,1155.06
18.99999,TAU,1298.138,0.3071842,1155.06,1298.292,0.3011329,1155.06
19.01999,TAU,1298.12,0.3060477,1155.06,1298.284,0.3005445,1155.06
19.03999,TAU,1298.12,0.3060477,1155.06,1298.277,0.2999654,1155.06
19.05999,TAU,1298.103,0.3049455,1155.06,1298.269,0.299392,1155.06
19.07999,TAU,1298.103,0.3049455,1155.06,1298.261,0.2988257,1155.06
19.09999,TAU,1298.103,0.3049455,1155.06,1298.254,0.2982633,1155.06
19.11999,TAU,1298.085,0.3038769,1155.06,1298.246,0.2977071,1155.06
19.13999,TAU,1298.085,0.3038769,1155.06,1298.239,0.2971597,1155.06
19.15999,TAU,1298.068,0.3028407,1155.06,1298.231,0.2966173,1155.06
19.17999,TAU,1298.068,0.3028407,1155.06,1298.224,0.2960823,1155.06
19.19999,TAU,1298.068,0.3028407,1155.06,1298.217,0.2955515,1155.06
19.21999,FLAT,1298.051,0.3018365,1155.06,1298.209,0.2950268,1155.06
19.23999,FLAT,1298.011,0.3018365,1155.06,1298.202,0.2945101,1155.06
19.25999,FLAT,1297.971,0.3018365,1155.06,1298.194,0.2939985,1155.06
19.27999,FLAT,1297.931,0.3018365,1155.06,1298.187,0.2934935,1155.06
19.29999,FLAT,1297.891,0.3018365,1155.06,1298.18,0.2929964,1155.06
19.31999,FLAT,1297.851,0.3018365,1155.06,1298.172,0.2925093,1155.06
19.33999,FLAT,1297.811,0.3018365,1155.06,1298.165,0.2920353,1155.06
19.35999,FLAT,1297.771,0.3018365,1155.06,1298.158,0.2915816,1155.06
19.37999,FLAT,1297.731,0.3018365,1155.06,1298.15,0.2911592,1155.06
19.39999,FLAT,1297.691,0.3018365,1155.06,1298.142,0.2907829,1155.06
19.41999,FLAT,1297.651,0.3018365,1155.06,1298.134,0.2904708,1155.06
19.43999,FLAT,1297.611,0.3018365,1155.06,1298.125,0.290242,1155.06
19.45999,FLAT,1297.571,0.3018365,1155.06,1298.116,0.2901139,1155.059
19.47999,FLAT,1297.531,0.3018365,1155.06,1298.105,0.2901001,1155.059
19.49999,FLAT,1297.491,0.3018365,1155.06,1298.094,0.2902083,1155.059
19.51999,FLAT,1297.451,0.3018365,1155.06,1298.083,0.2904389,1155.058
19.53999,FLAT,1297.411,0.3018365,1155.06,1298.069,0.2907829,1155.058
19.55999,FLAT,1297.371,0.3018365,1155.06,1298.055,0.2912226,1155.057
19.57999,FLAT,1297.331,0.3018365,1155.06,1298.04,0.2917306,1155.056
19.59999,FLAT,1297.291,0.3018365,1155.06,1298.023,0.2922721,1155.055
19.61999,FLAT,1297.251,0.3018365,1155.06,1298.004,0.292804,1155.055
19.63999,FLAT,1297.211,0.3018365,1155.06,1297.985,0.2932801,1155.054
19.65999,FLAT,1297.171,0.3018365,1155.06,1297.963,0.2936532,1155.053
19.67999,FLAT,1297.131,0.3018365,1155.06,1297.94,0.2938776,1155.052
19.69999,FLAT,1297.091,0.3018365,1155.06,1297.916,0.2939136,1155.051
19.71999,FLAT,1297.051,0.3018365,1155.06,1297.89,0.29373,1155.05
19.73999,FLAT,1297.011,0.3018365,1155.06,1297.863,0.293309,1155.049
19.75999,FLAT,1296.971,0.3018365,1155.06,1297.834,0.2926435,1155.048
19.77999,FLAT,1296.931,0.3018365,1155.06,1297.804,0.2917428,1155.047
19.79999,FLAT,1296.891,0.3018365,1155.06,1297.773,0.2906313,1155.046
19.81999,FLAT,1296.851,0.3018365,1155.06,1297.74,0.2893407,1155.046
19.83999,FLAT,1296.811,0.3018365,1155.06,1297.706,0.2879114,1155.045
19.85999,FLAT,1296.771,0.3018365,1155.06,1297.671,0.2863863,1155.045
19.87999,FLAT,1296.731,0.3018365,1155.06,1297.635,0.284811,1155.045
19.89999,FLAT,1296.691,0.3018365,1155.06,1297.598,0.2832263,1155.045
19.91999,FLAT,1296.651,0.3018365,1155.06,1297.559,0.2816665,1155.045
19.93999,FLAT,1296.611,0.3018365,1155.06,1297.52,0.2801595,1155.045
19.95999,FLAT,1296.571,0.3018365,1155.06,1297.48,0.2787259,1155.045
19.97999,FLAT,1296.531,0.3018365,1155.06,1297.439,0.2773798,1155.046
19.99999,FLAT,1296.491,0.3018365,1155.06,1297.397,0.2761319,1155.047
20.01999,FLAT,1296.451,0.3018365,1155.06,1297.354,0.2749887,1155.048
20.03999,FLAT,1296.411,0.3018365,1155.06,1297.311,0.2739582,1155.049
20.05999,FLAT,1296.371,0.3018365,1155.06,1297.267,0.273047,1155.05
20.07999,FLAT,1296.331,0.3018365,1155.06,1297.222,0.2722616,1155.051
20.09999,FLAT,1296.291,0.3018365,1155.06,1297.177,0.2716103,1155.053
20.11999,FLAT,1296.251,0.3018365,1155.06,1297.132,0.2711008,1155.054
20.13999,FLAT,1296.211,0.3018365,1155.06,1297.086,0.2707412,1155.056
20.15999,FLAT,1296.171,0.3018365,1155.06,1297.04,0.27054,1155.058
20.17999,FLAT,1296.131,0.3018365,1155.06,1296.994,0.2704999,1155.06
20.19999,FLAT,1296.091,0.3018365,1155.06,1296.948,0.2706246,1155.061
20.21999,FLAT,1296.051,0.3018365,1155.06,1296.902,0.2709236,1155.063
20.23999,FLAT,1296.011,0.3018365,1155.06,1296.857,0.2714038,1155.065
20.25999,FLAT,1295.971,0.3018365,1155.06,1296.812,0.2720637,1155.067
20.27999,FLAT,1295.931,0.3018365,1155.06,1296.769,0.2729511,1155.068
20.29999,FLAT,1295.891,0.3018365,1155.06,1296.729,0.2738976,1155.069
20.31999,FLAT,1295.851,0.3018365,1155.06,1296.691,0.2747843,1155.069
20.33999,FLAT,1295.811,0.3018365,1155.06,1296.654,0.2756023,1155.069
20.35999,FLAT,1295.771,0.3018365,1155.06,1296.617,0.2764118,1155.07
20.37999,FLAT,1295.731,0.3018365,1155.06,1296.58,0.2772446,1155.07
20.39999,FLAT,1295.691,0.3018365,1155.06,1296.544,0.2781019,1155.07
20.41999,FLAT,1295.651,0.3018365,1155.06,1296.508,0.2789826,1155.07
20.43999,FLAT,1295.611,0.3018365,1155.06,1296.471,0.2798846,1155.07
20.45999,FLAT,1295.571,0.3018365,1155.06,1296.435,0.2807119,1155.07
20.47999,FLAT,1295.531,0.3018365,1155.06,1296.399,0.2813563,1155.07
20.49999,FLAT,1295.491,0.3018365,1155.06,1296.363,0.2817688,1155.069
20.51999,FLAT,1295.451,0.3018365,1155.06,1296.327,0.2819569,1155.069
20.53999,FLAT,1295.411,0.3018365,1155.06,1296.29,0.2819612,1155.068
20.55999,FLAT,1295.371,0.3018365,1155.06,1296.254,0.2818389,1155.067
20.57999,FLAT,1295.331,0.3018365,1155.06,1296.217,0.2816374,1155.067
20.59999,FLAT,1295.291,0.3018365,1155.06,1296.18,0.2813942,1155.066
20.61999,FLAT,1295.251,0.3018365,1155.06,1296.143,0.2811255,1155.065
20.63999,FLAT,1295.211,0.3018365,1155.06,1296.106,0.2808402,1155.064
20.65999,FLAT,1295.171,0.3018365,1155.06,1296.068,0.2805388,1155.062
20.67999,FLAT,1295.131,0.3018365,1155.06,1296.029,0.2802238,1155.061
20.69999,FLAT,1295.091,0.3018365,1155.06,1295.991,0.2798908,1155.06
20.71999,FLAT,1295.051,0.3018365,1155.06,1295.952,0.2795415,1155.058
20.73999,FLAT,1295.011,0.3018365,1155.06,1295.912,0.2791727,1155.057
20.75999,FLAT,1294.971,0.3018365,1155.06,1295.872,0.2787833,1155.055
20.77999,FLAT,1294.931,0.3018365,1155.06,1295.832,0.2783749,1155.054
20.79999,FLAT,1294.891,0.3018365,1155.06,1295.792,0.2779527,1155.052
20.81999,FLAT,1294.851,0.3018365,1155.06,1295.751,0.2775178,1155.05
20.83999,FLAT,1294.811,0.3018365,1155.06,1295.71,0.2770815,1155.048
20.85999,FLAT,1294.771,0.3018365,1155.06,1295.669,0.2766542,1155.047
20.87999,FLAT,1294.731,0.3018365,1155.06,1295.628,0.2762582,1155.045
20.89999,FLAT,1294.691,0.3018365,1155.06,1295.586,0.2759066,1155.042
20.91999,FLAT,1294.651,0.3018365,1155.06,1295.545,0.2756288,1155.04
20.93999,FLAT,1294.611,0.3018365,1155.06,1295.504,0.2754452,1155.038
20.95999,FLAT,1294.571,0.3018365,1155.06,1295.463,0.275383,1155.036
20.97999,FLAT,1294.531,0.3018365,1155.06,1295.422,0.2754631,1155.034
20.99999,FLAT,1294.491,0.3018365,1155.06,1295.382,0.2757003,1155.032
21.01999,FLAT,1294.451,0.3018365,1155.06,1295.341,0.2761071,1155.029
21.03999,FLAT,1294.411,0.3018365,1155.06,1295.301,0.2766767,1155.027
21.05999,FLAT,1294.371,0.3018365,1155.06,1295.262,0.2774048,1155.025
21.07999,FLAT,1294.331,0.3018365,1155.06,1295.222,0.278265,1155.024
21.09999,FLAT,1294.291,0.3018365,1155.06,1295.183,0.2792385,1155.022
21.11999,FLAT,1294.251,0.3018365,1155.06,1295.144,0.2802882,1155.021
21.13999,FLAT,1294.211,0.3018365,1155.06,1295.105,0.2813854,1155.02
21.15999,FLAT,1294.171,0.3018365,1155.06,1295.067,0.2824926,1155.019
21.17999,FLAT,1294.131,0.3018365,1155.06,1295.029,0.2835722,1155.018
21.19999,FLAT,1294.091,0.3018365,1155.06,1294.991,0.2845819,1155.017
21.21999,FLAT,1294.051,0.3018365,1155.06,1294.954,0.2854304,1155.016
21.23999,FLAT,1294.051,0.3018365,1155.06,1294.919,0.2858462,1155.015
21.25999,INCLINE,1294.051,0.3018365,1155.06,1294.885,0.2858455,1155.014
21.27999,INCLINE,1294.017,0.3218365,1155.06,1294.851,0.2856176,1155.013
21.29999,INCLINE,1293.982,0.3418367,1155.06,1294.817,0.2853537,1155.012
21.31999,INCLINE,1293.948,0.3618367,1155.06,1294.782,0.2852645,1155.012
21.33999,INCLINE,1293.913,0.3818367,1155.06,1294.747,0.2854593,1155.012
21.35999,INCLINE,1293.878,0.4018366,1155.06,1294.711,0.2860019,1155.012
21.37999,INCLINE,1293.844,0.4218366,1155.06,1294.675,0.286948,1155.013
21.39999,INCLINE,1293.809,0.4418366,1155.06,1294.638,0.2882833,1155.015
21.41999,INCLINE,1293.774,0.4618366,1155.06,1294.6,0.2899914,1155.016
21.43999,INCLINE,1293.74,0.4818366,1155.06,1294.563,0.2920761,1155.019
21.45999,INCLINE,1293.705,0.5018365,1155.06,1294.524,0.2945652,1155.021
21.47999,INCLINE,1293.67,0.5218365,1155.06,1294.486,0.2974598,1155.025
21.49999,INCLINE,1293.636,0.5418365,1155.06,1294.448,0.3007889,1155.028
21.51999,INCLINE,1293.601,0.5618365,1155.06,1294.409,0.3046119,1155.032
21.53999,INCLINE,1293.566,0.5818365,1155.06,1294.37,0.3090003,1155.036
21.55999,INCLINE,1293.532,0.6018364,1155.06,1294.331,0.3139901,1155.041
21.57999,INCLINE,1293.497,0.6218364,1155.06,1294.292,0.3195825,1155.046
21.59999,INCLINE,1293.463,0.6418364,1155.06,1294.253,0.325752,1155.05
21.61999,INCLINE,1293.428,0.6618364,1155.06,1294.214,0.3325374,1155.055
21.63999,INCLINE,1293.393,0.6818364,1155.06,1294.175,0.3400359,1155.06
21.65999,INCLINE,1293.359,0.7018363,1155.06,1294.136,0.3480647,1155.064
21.67999,INCLINE,1293.324,0.7218363,1155.06,1294.098,0.3565538,1155.068
21.69999,INCLINE,1293.289,0.7418363,1155.06,1294.061,0.3655887,1155.071
21.71999,INCLINE,1293.255,0.7618363,1155.06,1294.023,0.3752933,1155.073
21.73999,INCLINE,1293.22,0.7818363,1155.06,1293.987,0.3857403,1155.074
21.75999,INCLINE,1293.185,0.8018363,1155.06,1293.95,0.3969481,1155.075
21.77999,INCLINE,1293.151,0.8218362,1155.06,1293.914,0.4089329,1155.075
21.79999,INCLINE,1293.116,0.8418362,1155.06,1293.878,0.4217048,1155.073
21.81999,INCLINE,1293.081,0.8618362,1155.06,1293.842,0.4352274,1155.072
21.83999,INCLINE,1293.047,0.8818362,1155.06,1293.807,0.4494617,1155.07
21.85999,INCLINE,1293.012,0.9018362,1155.06,1293.771,0.464355,1155.067
21.87999,INCLINE,1292.978,0.9218361,1155.06,1293.736,0.4798617,1155.064
21.89999,INCLINE,1292.943,0.9418361,1155.06,1293.701,0.4959226,1155.061
21.91999,INCLINE,1292.908,0.9618361,1155.06,1293.666,0.5124781,1155.058
21.93999,INCLINE,1292.874,0.9818361,1155.06,1293.631,0.5294378,1155.055
21.95999,INCLINE,1292.839,1.001836,1155.06,1293.597,0.5466943,1155.051
21.97999,INCLINE,1292.804,1.021836,1155.06,1293.563,0.5640845,1155.047
21.99999,INCLINE,1292.77,1.041836,1155.06,1293.529,0.5814328,1155.044
22.01999,INCLINE,1292.735,1.061836,1155.06,1293.562,0.5649302,1155.049
22.03999,INCLINE,1292.7,1.081836,1155.06,1293.663,0.5266385,1155.041
22.05999,INCLINE,1292.666,1.101836,1155.06,1293.748,0.5034177,1155.026
22.07999,INCLINE,1292.631,1.121836,1155.06,1293.821,0.4887435,1155.015
22.09999,INCLINE,1292.596,1.141836,1155.06,1293.886,0.4827769,1155.006
22.11999,INCLINE,1292.562,1.161836,1155.06,1293.943,0.484374,1154.998
22.13999,INCLINE,1292.527,1.181836,1155.06,1293.995,0.492281,1154.991
22.15999,INCLINE,1292.493,1.201836,1155.06,1294.04,0.5053535,1154.985
22.17999,INCLINE,1292.458,1.221836,1155.06,1294.08,0.5226359,1154.98
22.19999,INCLINE,1292.423,1.241836,1155.06,1294.115,0.543319,1154.975
22.21999,INCLINE,1292.389,1.261836,1155.06,1294.143,0.566678,1154.97
22.23999,INCLINE,1292.354,1.281836,1155.06,1294.166,0.5920372,1154.965
22.25999,INCLINE,1292.319,1.301836,1155.06,1294.183,0.6187627,1154.959
22.27999,INCLINE,1292.285,1.321836,1155.06,1294.194,0.6462784,1154.954
22.29999,INCLINE,1292.25,1.341836,1155.06,1294.2,0.6741168,1154.949
22.31999,INCLINE,1292.215,1.361836,1155.06,1294.2,0.7018437,1154.943
22.33999,INCLINE,1292.181,1.381836,1155.06,1294.195,0.729063,1154.937
22.35999,INCLINE,1292.146,1.401836,1155.06,1294.185,0.7554126,1154.931
22.37999,INCLINE,1292.111,1.421836,1155.06,1294.171,0.7805607,1154.925
22.39999,INCLINE,1292.077,1.441836,1155.06,1294.151,0.8042059,1154.918
22.41999,INCLINE,1292.042,1.461836,1155.06,1294.128,0.8260839,1154.912
22.43999,INCLINE,1292.008,1.481836,1155.06,1294.101,0.8459756,1154.905
22.45999,INCLINE,1291.973,1.501836,1155.06,1294.07,0.8637166,1154.898
22.47999,INCLINE,1291.938,1.521836,1155.06,1294.037,0.8792,1154.891
22.49999,INCLINE,1291.904,1.541836,1155.06,1294.001,0.8923774,1154.884
22.51999,INCLINE,1291.869,1.561836,1155.06,1293.962,0.9032567,1154.878
22.53999,INCLINE,1291.834,1.581836,1155.06,1293.921,0.9119635,1154.871
22.55999,INCLINE,1291.8,1.601836,1155.06,1293.878,0.9187374,1154.865
22.57999,INCLINE,1291.765,1.621836,1155.06,1293.833,0.9238801,1154.859
22.59999,INCLINE,1291.73,1.641836,1155.06,1293.785,0.9277313,1154.854
22.61999,INCLINE,1291.696,1.661836,1155.06,1293.735,0.9306464,1154.85
22.63999,INCLINE,1291.661,1.681836,1155.06,1293.683,0.9329782,1154.846
22.65999,INCLINE,1291.626,1.701836,1155.06,1293.63,0.9349449,1154.843
22.67999,INCLINE,1291.592,1.721835,1155.06,1293.575,0.9365981,1154.841
22.69999,INCLINE,1291.557,1.741835,1155.06,1293.52,0.9379311,1154.839
22.71999,INCLINE,1291.523,1.761835,1155.06,1293.465,0.9389572,1154.836
22.73999,INCLINE,1291.488,1.781835,1155.06,1293.411,0.9397225,1154.833
22.75999,INCLINE,1291.453,1.801835,1155.06,1293.359,0.9402919,1154.828
22.77999,INCLINE,1291.419,1.821835,1155.06,1293.308,0.9407449,1154.823
22.79999,INCLINE,1291.384,1.841835,1155.06,1293.26,0.941237,1154.817
22.81999,INCLINE,1291.349,1.861835,1155.06,1293.214,0.9419053,1154.811
22.83999,INCLINE,1291.315,1.881835,1155.06,1293.171,0.9428258,1154.803
22.85999,INCLINE,1291.28,1.901835,1155.06,1293.13,0.9440598,1154.795
22.87999,INCLINE,1291.245,1.921835,1155.06,1293.091,0.945663,1154.787
22.89999,INCLINE,1291.211,1.941835,1155.06,1293.055,0.9476914,1154.778
22.91999,INCLINE,1291.176,1.961835,1155.06,1293.021,0.9501963,1154.77
22.93999,INCLINE,1291.142,1.981835,1155.06,1292.989,0.9532151,1154.761
22.95999,INCLINE,1291.107,2.001835,1155.06,1292.959,0.9567857,1154.753
22.97999,INCLINE,1291.072,2.021835,1155.06,1292.931,0.9609456,1154.745
22.99999,INCLINE,1291.038,2.041835,1155.06,1292.903,0.9657254,1154.737
23.01999,INCLINE,1291.003,2.061835,1155.06,1292.877,0.9711428,1154.73
23.03999,INCLINE,1290.968,2.081835,1155.06,1292.852,0.9772077,1154.723
23.05999,INCLINE,1290.934,2.101835,1155.06,1292.827,0.9839184,1154.717
23.07999,INCLINE,1290.899,2.121835,1155.06,1292.803,0.9912634,1154.712
23.09999,INCLINE,1290.864,2.141835,1155.06,1292.779,0.9992166,1154.708
23.11999,INCLINE,1290.83,2.161835,1155.06,1292.755,1.00775,1154.704
23.13999,INCLINE,1290.795,2.181835,1155.06,1292.731,1.016826,1154.702
23.15999,INCLINE,1290.76,2.201835,1155.06,1292.707,1.026404,1154.7
23.17999,INCLINE,1290.726,2.221835,1155.06,1292.683,1.036445,1154.698
23.19999,INCLINE,1290.691,2.241835,1155.06,1292.658,1.046908,1154.698
23.21999,INCLINE,1290.657,2.261835,1155.06,1292.634,1.057753,1154.698
23.23999,INCLINE,1290.622,2.281835,1155.06,1292.609,1.068945,1154.699
23.25999,INCLINE,1290.587,2.301835,1155.06,1292.583,1.080451,1154.701
23.27999,INCLINE,1290.553,2.321835,1155.06,1292.557,1.092245,1154.703
23.29999,INCLINE,1290.518,2.341835,1155.06,1292.531,1.104301,1154.705
23.31999,INCLINE,1290.483,2.361835,1155.06,1292.504,1.116602,1154.708
23.33999,INCLINE,1290.449,2.381835,1155.06,1292.477,1.129128,1154.712
23.35999,INCLINE,1290.414,2.401835,1155.06,1292.449,1.141868,1154.716
23.37999,INCLINE,1290.379,2.421835,1155.06,1292.421,1.154818,1154.72
23.39999,INCLINE,1290.345,2.441835,1155.06,1292.393,1.167974,1154.724
23.41999,INCLINE,1290.31,2.461835,1155.06,1292.364,1.181335,1154.729
23.43999,INCLINE,1290.276,2.481835,1155.06,1292.335,1.194899,1154.734
23.45999,INCLINE,1290.241,2.501835,1155.06,1292.306,1.208671,1154.738
23.47999,INCLINE,1290.206,2.521835,1155.06,1292.276,1.222658,1154.743
23.49999,INCLINE,1290.172,2.541835,1155.06,1292.246,1.236864,1154.749
23.51999,INCLINE,1290.137,2.561835,1155.06,1292.215,1.251296,1154.754
23.53999,INCLINE,1290.102,2.581835,1155.06,1292.185,1.265961,1154.759
23.55999,INCLINE,1290.068,2.601835,1155.06,1292.154,1.280861,1154.764
23.57999,INCLINE,1290.033,2.621835,1155.06,1292.123,1.296002,1154.769
23.59999,INCLINE,1289.998,2.641835,1155.06,1292.091,1.311387,1154.774
23.61999,INCLINE,1289.964,2.661835,1155.06,1292.06,1.327021,1154.779
23.63999,INCLINE,1289.929,2.681835,1155.06,1292.028,1.342909,1154.784
23.65999,INCLINE,1289.895,2.701835,1155.06,1291.996,1.359051,1154.789
23.67999,INCLINE,1289.86,2.721835,1155.06,1291.964,1.375445,1154.794
23.69999,INCLINE,1289.825,2.741835,1155.06,1291.931,1.392095,1154.799
23.71999,INCLINE,1289.791,2.761835,1155.06,1291.898,1.409,1154.803
23.73999,INCLINE,1289.756,2.781835,1155.06,1291.866,1.426156,1154.808
23.75999,INCLINE,1289.721,2.801835,1155.06,1291.833,1.443563,1154.813
23.77999,INCLINE,1289.687,2.821835,1155.06,1291.799,1.461218,1154.817
23.79999,INCLINE,1289.652,2.841835,1155.06,1291.766,1.479115,1154.821
23.81999,INCLINE,1289.617,2.861835,1155.06,1291.732,1.497247,1154.825
23.83999,INCLINE,1289.583,2.881835,1155.06,1291.698,1.515611,1154.829
23.85999,INCLINE,1289.548,2.901834,1155.06,1291.664,1.534198,1154.833
23.87999,INCLINE,1289.513,2.921834,1155.06,1291.63,1.552996,1154.837
23.89999,INCLINE,1289.479,2.941834,1155.06,1291.596,1.571995,1154.841
23.91999,INCLINE,1289.444,2.961834,1155.06,1291.562,1.591188,1154.845
23.93999,INCLINE,1289.41,2.981834,1155.06,1291.527,1.610566,1154.848
23.95999,INCLINE,1289.375,3.001834,1155.06,1291.492,1.630121,1154.852
23.97999,INCLINE,1289.34,3.021834,1155.06,1291.458,1.649842,1154.855
23.99999,INCLINE,1289.306,3.041834,1155.06,1291.423,1.66972,1154.859
24.01999,INCLINE,1289.271,3.061834,1155.06,1291.388,1.689741,1154.862
24.03999,INCLINE,1289.236,3.081834,1155.06,1291.353,1.709891,1154.865
24.05999,INCLINE,1289.202,3.101834,1155.06,1291.318,1.730143,1154.868
24.07999,INCLINE,1289.167,3.121834,1155.06,1291.283,1.750467,1154.871
24.09999,INCLINE,1289.132,3.141834,1155.06,1291.248,1.770832,1154.874
24.11999,INCLINE,1289.098,3.161834,1155.06,1291.213,1.791204,1154.876
24.13999,INCLINE,1289.063,3.181834,1155.06,1291.179,1.811548,1154.879
24.15999,INCLINE,1289.028,3.201834,1155.06,1291.145,1.831823,1154.881
24.17999,INCLINE,1288.994,3.221834,1155.06,1291.111,1.851994,1154.883
24.19999,INCLINE,1288.959,3.241834,1155.06,1291.077,1.872032,1154.885
24.21999,INCLINE,1288.925,3.261834,1155.06,1291.044,1.89191,1154.887
24.23999,INCLINE,1288.89,3.281834,1155.06,1291.011,1.911601,1154.888
24.25999,INCLINE,1288.855,3.301834,1155.06,1290.979,1.931081,1154.889
24.27999,INCLINE,1288.821,3.321834,1155.06,1290.947,1.950332,1154.89
24.29999,INCLINE,1288.786,3.341834,1155.06,1290.916,1.969333,1154.89
24.31999,INCLINE,1288.751,3.361834,1155.06,1290.885,1.988068,1154.89
24.33999,INCLINE,1288.717,3.381834,1155.06,1290.855,2.00652,1154.89
24.35999,INCLINE,1288.682,3.401834,1155.06,1290.825,2.024681,1154.889
24.37999,INCLINE,1288.647,3.421834,1155.06,1290.796,2.04254,1154.889
24.39999,INCLINE,1288.613,3.441834,1155.06,1290.767,2.060084,1154.888
24.41999,INCLINE,1288.578,3.461834,1155.06,1290.739,2.077312,1154.887
24.43999,INCLINE,1288.543,3.481834,1155.06,1290.711,2.094222,1154.885
24.45999,INCLINE,1288.509,3.501834,1155.06,1290.683,2.110824,1154.884
24.47999,INCLINE,1288.474,3.521834,1155.06,1290.655,2.127126,1154.882
24.49999,INCLINE,1288.44,3.541834,1155.06,1290.628,2.143138,1154.88
24.51999,INCLINE,1288.405,3.561834,1155.06,1290.6,2.158865,1154.879
24.53999,INCLINE,1288.37,3.581834,1155.06,1290.573,2.174306,1154.877
24.55999,INCLINE,1288.336,3.601834,1155.06,1290.546,2.189458,1154.875
24.57999,INCLINE,1288.301,3.621834,1155.06,1290.518,2.204321,1154.874
24.59999,INCLINE,1288.266,3.641834,1155.06,1290.491,2.21889,1154.872
24.61999,INCLINE,1288.232,3.661834,1155.06,1290.463,2.233157,1154.871
24.63999,INCLINE,1288.197,3.681834,1155.06,1290.436,2.247115,1154.869
24.65999,INCLINE,1288.162,3.701834,1155.06,1290.408,2.260768,1154.868
24.67999,INCLINE,1288.128,3.721834,1155.06,1290.38,2.274124,1154.867
24.69999,INCLINE,1288.093,3.741834,1155.06,1290.352,2.287197,1154.866
24.71999,INCLINE,1288.058,3.761834,1155.06,1290.323,2.300007,1154.866
24.73999,INCLINE,1288.024,3.781834,1155.06,1290.295,2.312578,1154.865
24.75999,INCLINE,1287.989,3.801834,1155.06,1290.266,2.324933,1154.865
24.77999,INCLINE,1287.955,3.821834,1155.06,1290.237,2.337092,1154.865
24.79999,INCLINE,1287.92,3.841834,1155.06,1290.208,2.349078,1154.866
24.81999,INCLINE,1287.885,3.861834,1155.06,1290.178,2.360906,1154.867
24.83999,INCLINE,1287.851,3.881834,1155.06,1290.149,2.37259,1154.868
24.85999,INCLINE,1287.816,3.901834,1155.06,1290.119,2.38415,1154.869
24.87999,INCLINE,1287.781,3.921834,1155.06,1290.089,2.395594,1154.871
24.89999,INCLINE,1287.747,3.941833,1155.06,1290.059,2.406929,1154.873
24.91999,INCLINE,1287.712,3.961833,1155.06,1290.029,2.41817,1154.875
24.93999,INCLINE,1287.677,3.981833,1155.06,1289.999,2.429332,1154.877
24.95999,INCLINE,1287.643,4.001833,1155.06,1289.969,2.440419,1154.88
24.97999,INCLINE,1287.608,4.021833,1155.06,1289.939,2.451441,1154.883
24.99999,INCLINE,1287.573,4.041833,1155.06,1289.909,2.462404,1154.886
25.01999,INCLINE,1287.539,4.061833,1155.06,1289.878,2.473313,1154.889
25.03999,INCLINE,1287.504,4.081833,1155.06,1289.848,2.48417,1154.893
25.05999,INCLINE,1287.47,4.101833,1155.06,1289.818,2.494982,1154.897
25.07999,INCLINE,1287.435,4.121833,1155.06,1289.789,2.505749,1154.9
25.09999,INCLINE,1287.4,4.141833,1155.06,1289.759,2.516467,1154.904
25.11999,INCLINE,1287.366,4.161833,1155.06,1289.73,2.527138,1154.908
25.13999,INCLINE,1287.331,4.181833,1155.06,1289.701,2.537764,1154.912
25.15999,INCLINE,1287.296,4.201833,1155.06,1289.672,2.548341,1154.917
25.17999,INCLINE,1287.262,4.221833,1155.06,1289.643,2.558856,1154.921
25.19999,INCLINE,1287.227,4.241833,1155.06,1289.615,2.569289,1154.925
25.21999,INCLINE,1287.193,4.261833,1155.06,1289.586,2.579612,1154.929
25.23999,INCLINE,1287.158,4.281833,1155.06,1289.559,2.589794,1154.933
25.25999,INCLINE,1287.123,4.301833,1155.06,1289.531,2.599813,1154.937
25.27999,INCLINE,1287.089,4.321833,1155.06,1289.504,2.609649,1154.942
25.29999,INCLINE,1287.054,4.341833,1155.06,1289.478,2.61929,1154.946
25.31999,INCLINE,1287.019,4.361833,1155.06,1289.452,2.62872,1154.95
25.33999,INCLINE,1286.985,4.381833,1155.06,1289.426,2.637938,1154.954
25.35999,INCLINE,1286.95,4.401833,1155.06,1289.401,2.646942,1154.958
25.37999,INCLINE,1286.915,4.421833,1155.06,1289.375,2.655722,1154.962
25.39999,INCLINE,1286.881,4.441833,1155.06,1289.351,2.664259,1154.966
25.41999,INCLINE,1286.846,4.461833,1155.06,1289.327,2.672526,1154.97
25.43999,INCLINE,1286.811,4.481833,1155.06,1289.303,2.680499,1154.973
25.45999,INCLINE,1286.777,4.501833,1155.06,1289.28,2.688147,1154.977
25.47999,INCLINE,1286.742,4.521833,1155.06,1289.257,2.695457,1154.981
25.49999,INCLINE,1286.708,4.541833,1155.06,1289.234,2.702417,1154.985
25.51999,INCLINE,1286.673,4.561833,1155.06,1289.212,2.709017,1154.988
25.53999,INCLINE,1286.638,4.581833,1155.06,1289.19,2.715261,1154.992
25.55999,INCLINE,1286.604,4.601833,1155.06,1289.169,2.721157,1154.996
25.57999,INCLINE,1286.569,4.621833,1155.06,1289.148,2.726718,1154.999
25.59999,INCLINE,1286.534,4.641833,1155.06,1289.127,2.731964,1155.003
25.61999,INCLINE,1286.5,4.661833,1155.06,1289.106,2.736919,1155.007
25.63999,INCLINE,1286.465,4.681833,1155.06,1289.085,2.741605,1155.01
25.65999,INCLINE,1286.43,4.701833,1155.06,1289.065,2.746047,1155.014
25.67999,INCLINE,1286.396,4.721833,1155.06,1289.044,2.750272,1155.018
25.69999,INCLINE,1286.361,4.741833,1155.06,1289.024,2.754302,1155.021
25.71999,INCLINE,1286.326,4.761833,1155.06,1289.003,2.758157,1155.025
25.73999,INCLINE,1286.292,4.781833,1155.06,1288.983,2.761858,1155.029
25.75999,INCLINE,1286.257,4.801833,1155.06,1288.962,2.765427,1155.033
25.77999,INCLINE,1286.223,4.821833,1155.06,1288.941,2.768882,1155.036
25.79999,INCLINE,1286.188,4.841833,1155.06,1288.92,2.772235,1155.04
25.81999,INCLINE,1286.153,4.861833,1155.06,1288.899,2.775501,1155.044
25.83999,INCLINE,1286.119,4.881833,1155.06,1288.878,2.778689,1155.048
25.85999,INCLINE,1286.084,4.901833,1155.06,1288.856,2.781815,1155.052
25.87999,INCLINE,1286.049,4.921833,1155.06,1288.834,2.784898,1155.055
25.89999,INCLINE,1286.015,4.941833,1155.06,1288.812,2.78796,1155.059
25.91999,INCLINE,1285.98,4.961833,1155.06,1288.79,2.791034,1155.063
25.93999,INCLINE,1285.945,4.981833,1155.06,1288.767,2.794155,1155.067
25.95999,INCLINE,1285.911,5.001832,1155.06,1288.745,2.797369,1155.07
25.97999,INCLINE,1285.876,5.021832,1155.06,1288.721,2.800722,1155.074
25.99999,INCLINE,1285.841,5.041832,1155.06,1288.698,2.804253,1155.078
26.01999,INCLINE,1285.807,5.061832,1155.06,1288.674,2.807996,1155.082
26.03999,INCLINE,1285.772,5.081832,1155.06,1288.65,2.811976,1155.085
26.05999,INCLINE,1285.738,5.101832,1155.06,1288.625,2.816222,1155.089
26.07999,INCLINE,1285.703,5.121832,1155.06,1288.6,2.82076,1155.092
26.09999,INCLINE,1285.668,5.141832,1155.06,1288.574,2.825618,1155.096
26.11999,INCLINE,1285.634,5.161832,1155.06,1288.549,2.830827,1155.099
26.13999,INCLINE,1285.599,5.181832,1155.06,1288.523,2.836412,1155.102
26.15999,INCLINE,1285.564,5.201832,1155.06,1288.496,2.842391,1155.105
26.17999,INCLINE,1285.53,5.221832,1155.06,1288.469,2.848772,1155.109
26.19999,INCLINE,1285.495,5.241832,1155.06,1288.442,2.855559,1155.111
26.21999,INCLINE,1285.46,5.261832,1155.06,1288.414,2.862745,1155.114
26.23999,INCLINE,1285.426,5.281832,1155.06,1288.386,2.870308,1155.117
26.25999,INCLINE,1285.391,5.301832,1155.06,1288.358,2.878215,1155.12
26.27999,INCLINE,1285.391,5.301836,1155.06,1288.33,2.886423,1155.122
